﻿<?xml version="1.0" encoding="utf-8"?>
<metadata>
  <idinfo>
    <citation>
      <citeinfo>
        <origin>Krauss, Ken W.</origin>
        <origin>Noe, Gregory</origin>
        <origin>Duberstein, Jamie A.</origin>
        <origin>Conner, William H.</origin>
        <origin>Jones, Miriam C.</origin>
        <origin>Bernhardt, Christopher E.</origin>
        <origin>Cormier, Nicole</origin>
        <origin>From, Andrew</origin>
        <pubdate>2018</pubdate>
        <title>Carbon budget assessment of tidal freshwater forested wetland and oligohaline marsh ecosystems along the Waccamaw and Savannah rivers, U.S.A. (2005-2016)</title>
        <geoform>text spreadsheets: comma-separated values (.CSV)</geoform>
        <pubinfo>
          <pubplace>Lafayette, LA</pubplace>
          <publish>U.S. Geological Survey</publish>
        </pubinfo>
        <onlink>https://doi.org/10.5066/F7TM7930</onlink>
      </citeinfo>
    </citation>
    <descript>
      <abstract>Data to support carbon (C) budget assessment of tidal freshwater forested wetland and oligohaline marsh ecosystems along the Waccamaw and Savannah rivers, U.S.A. This work represents the first estimates of C standing stocks, C mass balance, soil C burial, and lateral C export to aquatic environments in tidal freshwater forested wetlands undergoing transition to oligohaline marsh.</abstract>
      <purpose>Data were collected to assess organic carbon (C) standing stocks, C mass balance, and soil C burial as wetland ecosystems transition from tidal freshwater forested wetlands to low-salinity marshes.</purpose>
      <supplinf>Author ORCIDs: Krauss, K.W.(0000-0003-2195-0729);Noe, Gregory(0000-0002-6661-2646);Jones, M.C.(0000-0002-6650-7619);Bernhardt, C.E.(0000-0003-0082-4731);Cormier, Nicole(0000-0003-2453-9900);From, Andrew(0000-0002-6543-2627)
We have included several statements concerning the ethical use of this dataset. We adopted the following statement regarding data archiving and sharing from Wright et al. (2004): "The authors believe that the archiving and sharing of large datasets is important for advancing ecology as a discipline. At the same time, for data sharing to be successful and sustainable, it is imperative that all those involved in data acquisition, archiving and use do so in an ethical manner. In particular, we believe that those individuals whose time, efforts and intellect designed and created the studies are acknowledged appropriately." Text in quotation from: Wright, I. J., P. B. Reich, M. Westoby, D. D. Ackerly, Z. Baruch, F. Bongers, J. Cavender-Bares, T. Chapin, J. H. Cornelissen, and M. Diemer. 2004. The worldwide leaf economics spectrum. Nature 428:821-827. As a condition for use of this dataset, users agree: (1) To notify the USGS lead investigator (Ken W. Krauss, U.S. Geological Survey, kraussk@usgs.gov) if the dataset is to be used in any publication; (2) To provide formal recognition that, at our discretion, may include co-authorship or acknowledgements on publications; (3) To recognize that we may be using these data for scientific analyses, papers or publications that are currently planned or in preparation, and that such activities have precedence over any that that you might wish to prepare.</supplinf>
    </descript>
    <timeperd>
      <timeinfo>
        <rngdates>
          <begdate>2005</begdate>
          <enddate>2016</enddate>
        </rngdates>
      </timeinfo>
      <current>ground condition</current>
    </timeperd>
    <status>
      <progress>Complete</progress>
      <update>None planned</update>
    </status>
    <spdom>
      <descgeog>Waccamaw and Savannah rivers, South Carolina and Georgia</descgeog>
      <bounding>
        <westbc>-81.158495</westbc>
        <eastbc>-79.08997</eastbc>
        <northbc>33.569963</northbc>
        <southbc>32.153122</southbc>
      </bounding>
    </spdom>
    <keywords>
      <theme>
        <themekt>none</themekt>
        <themekey>salinity</themekey>
        <themekey>flooding</themekey>
        <themekey>tidal freshwater forested wetlands</themekey>
        <themekey>oligohaline marsh</themekey>
        <themekey>carbon</themekey>
        <themekey>sea-level rise</themekey>
        <themekey>carbon budget</themekey>
      </theme>
      <place>
        <placekt>Geographic Names Information System (GNIS)</placekt>
        <placekey>Waccamaw River</placekey>
        <placekey>South Carolina</placekey>
        <placekey>Savannah River</placekey>
        <placekey>Georgia</placekey>
      </place>
    </keywords>
    <taxonomy>
      <keywtax>
        <taxonkt>USGS Biocomplexity Thesaurus</taxonkt>
        <taxonkey>Plants</taxonkey>
      </keywtax>
      <taxonsys>
        <classsys>
          <classcit>
            <citeinfo>
              <origin>Integrated Taxonomic Information System (ITIS)</origin>
              <pubdate>2017</pubdate>
              <title>Integrated Taxonomic Information System (ITIS)</title>
              <geoform>ONLINE_REFERENCE</geoform>
              <pubinfo>
                <pubplace>Washington, D.C.</pubplace>
                <publish>Integrated Taxonomic Information System (ITIS)</publish>
              </pubinfo>
              <onlink>http://itis.gov</onlink>
            </citeinfo>
          </classcit>
        </classsys>
        <ider>
          <cntinfo>
            <cntperp>
              <cntper>Ken W Krauss</cntper>
              <cntorg>Southeast Region</cntorg>
            </cntperp>
            <cntaddr>
              <addrtype>mailing and physical</addrtype>
              <address>700 Cajundome Blvd</address>
              <city>Lafayette</city>
              <state>LA</state>
              <postal>70506</postal>
              <country>United States</country>
            </cntaddr>
            <cntvoice>337-266-8500</cntvoice>
            <cntemail>kraussk@usgs.gov</cntemail>
          </cntinfo>
        </ider>
        <taxonpro>expert advice</taxonpro>
        <taxoncom>Expert knowledge of the local plant community was used for species identifications.</taxoncom>
      </taxonsys>
      <taxongen>All plants were identified to the level of Species or Genus in the data.</taxongen>
      <taxoncl>
        <taxonrn>Kingdom</taxonrn>
        <taxonrv>Plantae</taxonrv>
        <taxoncl>
          <taxonrn>Subkingdom</taxonrn>
          <taxonrv>Viridiplantae</taxonrv>
          <taxoncl>
            <taxonrn>Infrakingdom</taxonrn>
            <taxonrv>Streptophyta</taxonrv>
            <taxoncl>
              <taxonrn>Superdivision</taxonrn>
              <taxonrv>Embryophyta</taxonrv>
              <taxoncl>
                <taxonrn>Division</taxonrn>
                <taxonrv>Tracheophyta</taxonrv>
                <taxoncl>
                  <taxonrn>Subdivision</taxonrn>
                  <taxonrv>Spermatophytina</taxonrv>
                  <taxoncl>
                    <taxonrn>Class</taxonrn>
                    <taxonrv>Magnoliopsida</taxonrv>
                    <taxoncl>
                      <taxonrn>Superorder</taxonrn>
                      <taxonrv>Rosanae</taxonrv>
                      <taxoncl>
                        <taxonrn>Order</taxonrn>
                        <taxonrv>Fagales</taxonrv>
                        <taxoncl>
                          <taxonrn>Family</taxonrn>
                          <taxonrv>Betulaceae</taxonrv>
                          <taxoncl>
                            <taxonrn>Genus</taxonrn>
                            <taxonrv>Alnus</taxonrv>
                            <taxoncl>
                              <taxonrn>Species</taxonrn>
                              <taxonrv>Alnus serrulata</taxonrv>
                              <common>brook-side alder</common>
                              <common>hazel alder</common>
                            </taxoncl>
                          </taxoncl>
                        </taxoncl>
                      </taxoncl>
                    </taxoncl>
                  </taxoncl>
                </taxoncl>
              </taxoncl>
            </taxoncl>
          </taxoncl>
        </taxoncl>
      </taxoncl>
      <taxoncl>
        <taxonrn>Kingdom</taxonrn>
        <taxonrv>Plantae</taxonrv>
        <taxoncl>
          <taxonrn>Subkingdom</taxonrn>
          <taxonrv>Viridiplantae</taxonrv>
          <taxoncl>
            <taxonrn>Infrakingdom</taxonrn>
            <taxonrv>Streptophyta</taxonrv>
            <taxoncl>
              <taxonrn>Superdivision</taxonrn>
              <taxonrv>Embryophyta</taxonrv>
              <taxoncl>
                <taxonrn>Division</taxonrn>
                <taxonrv>Tracheophyta</taxonrv>
                <taxoncl>
                  <taxonrn>Subdivision</taxonrn>
                  <taxonrv>Spermatophytina</taxonrv>
                  <taxoncl>
                    <taxonrn>Class</taxonrn>
                    <taxonrv>Magnoliopsida</taxonrv>
                    <taxoncl>
                      <taxonrn>Superorder</taxonrn>
                      <taxonrv>Rosanae</taxonrv>
                      <taxoncl>
                        <taxonrn>Order</taxonrn>
                        <taxonrv>Rosales</taxonrv>
                        <taxoncl>
                          <taxonrn>Family</taxonrn>
                          <taxonrv>Ulmaceae</taxonrv>
                          <taxoncl>
                            <taxonrn>Genus</taxonrn>
                            <taxonrv>Ulmus</taxonrv>
                            <taxoncl>
                              <taxonrn>Species</taxonrn>
                              <taxonrv>Ulmus americana</taxonrv>
                              <common>American elm</common>
                            </taxoncl>
                          </taxoncl>
                        </taxoncl>
                      </taxoncl>
                    </taxoncl>
                  </taxoncl>
                </taxoncl>
              </taxoncl>
            </taxoncl>
          </taxoncl>
        </taxoncl>
      </taxoncl>
      <taxoncl>
        <taxonrn>Kingdom</taxonrn>
        <taxonrv>Plantae</taxonrv>
        <taxoncl>
          <taxonrn>Subkingdom</taxonrn>
          <taxonrv>Viridiplantae</taxonrv>
          <taxoncl>
            <taxonrn>Infrakingdom</taxonrn>
            <taxonrv>Streptophyta</taxonrv>
            <taxoncl>
              <taxonrn>Superdivision</taxonrn>
              <taxonrv>Embryophyta</taxonrv>
              <taxoncl>
                <taxonrn>Division</taxonrn>
                <taxonrv>Tracheophyta</taxonrv>
                <taxoncl>
                  <taxonrn>Subdivision</taxonrn>
                  <taxonrv>Spermatophytina</taxonrv>
                  <taxoncl>
                    <taxonrn>Class</taxonrn>
                    <taxonrv>Magnoliopsida</taxonrv>
                    <taxoncl>
                      <taxonrn>Superorder</taxonrn>
                      <taxonrv>Asteranae</taxonrv>
                      <taxoncl>
                        <taxonrn>Order</taxonrn>
                        <taxonrv>Aquifoliales</taxonrv>
                        <taxoncl>
                          <taxonrn>Family</taxonrn>
                          <taxonrv>Aquifoliaceae</taxonrv>
                          <taxoncl>
                            <taxonrn>Genus</taxonrn>
                            <taxonrv>Ilex</taxonrv>
                            <taxoncl>
                              <taxonrn>Species</taxonrn>
                              <taxonrv>Ilex opaca</taxonrv>
                              <common>American holly</common>
                            </taxoncl>
                          </taxoncl>
                        </taxoncl>
                      </taxoncl>
                    </taxoncl>
                  </taxoncl>
                </taxoncl>
              </taxoncl>
            </taxoncl>
          </taxoncl>
        </taxoncl>
      </taxoncl>
      <taxoncl>
        <taxonrn>Kingdom</taxonrn>
        <taxonrv>Plantae</taxonrv>
        <taxoncl>
          <taxonrn>Subkingdom</taxonrn>
          <taxonrv>Viridiplantae</taxonrv>
          <taxoncl>
            <taxonrn>Infrakingdom</taxonrn>
            <taxonrv>Streptophyta</taxonrv>
            <taxoncl>
              <taxonrn>Superdivision</taxonrn>
              <taxonrv>Embryophyta</taxonrv>
              <taxoncl>
                <taxonrn>Division</taxonrn>
                <taxonrv>Tracheophyta</taxonrv>
                <taxoncl>
                  <taxonrn>Subdivision</taxonrn>
                  <taxonrv>Spermatophytina</taxonrv>
                  <taxoncl>
                    <taxonrn>Class</taxonrn>
                    <taxonrv>Magnoliopsida</taxonrv>
                    <taxoncl>
                      <taxonrn>Superorder</taxonrn>
                      <taxonrv>Asteranae</taxonrv>
                      <taxoncl>
                        <taxonrn>Order</taxonrn>
                        <taxonrv>Dipsacales</taxonrv>
                        <taxoncl>
                          <taxonrn>Family</taxonrn>
                          <taxonrv>Adoxaceae</taxonrv>
                          <taxoncl>
                            <taxonrn>Genus</taxonrn>
                            <taxonrv>Viburnum</taxonrv>
                            <taxoncl>
                              <taxonrn>Species</taxonrn>
                              <taxonrv>Viburnum dentatum</taxonrv>
                              <common>arrowwood</common>
                              <common>arrow-wood viburnum</common>
                              <common>southern arrowwood</common>
                            </taxoncl>
                          </taxoncl>
                        </taxoncl>
                      </taxoncl>
                    </taxoncl>
                  </taxoncl>
                </taxoncl>
              </taxoncl>
            </taxoncl>
          </taxoncl>
        </taxoncl>
      </taxoncl>
      <taxoncl>
        <taxonrn>Kingdom</taxonrn>
        <taxonrv>Plantae</taxonrv>
        <taxoncl>
          <taxonrn>Subkingdom</taxonrn>
          <taxonrv>Viridiplantae</taxonrv>
          <taxoncl>
            <taxonrn>Infrakingdom</taxonrn>
            <taxonrv>Streptophyta</taxonrv>
            <taxoncl>
              <taxonrn>Superdivision</taxonrn>
              <taxonrv>Embryophyta</taxonrv>
              <taxoncl>
                <taxonrn>Division</taxonrn>
                <taxonrv>Tracheophyta</taxonrv>
                <taxoncl>
                  <taxonrn>Subdivision</taxonrn>
                  <taxonrv>Spermatophytina</taxonrv>
                  <taxoncl>
                    <taxonrn>Class</taxonrn>
                    <taxonrv>Magnoliopsida</taxonrv>
                    <taxoncl>
                      <taxonrn>Superorder</taxonrn>
                      <taxonrv>Asteranae</taxonrv>
                      <taxoncl>
                        <taxonrn>Order</taxonrn>
                        <taxonrv>Lamiales</taxonrv>
                        <taxoncl>
                          <taxonrn>Family</taxonrn>
                          <taxonrv>Oleaceae</taxonrv>
                          <taxoncl>
                            <taxonrn>Genus</taxonrn>
                            <taxonrv>Fraxinus</taxonrv>
                            <common>ash</common>
                          </taxoncl>
                        </taxoncl>
                      </taxoncl>
                    </taxoncl>
                  </taxoncl>
                </taxoncl>
              </taxoncl>
            </taxoncl>
          </taxoncl>
        </taxoncl>
      </taxoncl>
      <taxoncl>
        <taxonrn>Kingdom</taxonrn>
        <taxonrv>Plantae</taxonrv>
        <taxoncl>
          <taxonrn>Subkingdom</taxonrn>
          <taxonrv>Viridiplantae</taxonrv>
          <taxoncl>
            <taxonrn>Infrakingdom</taxonrn>
            <taxonrv>Streptophyta</taxonrv>
            <taxoncl>
              <taxonrn>Superdivision</taxonrn>
              <taxonrv>Embryophyta</taxonrv>
              <taxoncl>
                <taxonrn>Division</taxonrn>
                <taxonrv>Tracheophyta</taxonrv>
                <taxoncl>
                  <taxonrn>Subdivision</taxonrn>
                  <taxonrv>Spermatophytina</taxonrv>
                  <taxoncl>
                    <taxonrn>Class</taxonrn>
                    <taxonrv>Magnoliopsida</taxonrv>
                    <taxoncl>
                      <taxonrn>Superorder</taxonrn>
                      <taxonrv>Asteranae</taxonrv>
                      <taxoncl>
                        <taxonrn>Order</taxonrn>
                        <taxonrv>Asterales</taxonrv>
                        <taxoncl>
                          <taxonrn>Family</taxonrn>
                          <taxonrv>Asteraceae</taxonrv>
                          <taxoncl>
                            <taxonrn>Genus</taxonrn>
                            <taxonrv>Baccharis</taxonrv>
                            <taxoncl>
                              <taxonrn>Species</taxonrn>
                              <taxonrv>Baccharis halimifolia</taxonrv>
                              <common>eastern baccharis</common>
                            </taxoncl>
                          </taxoncl>
                        </taxoncl>
                      </taxoncl>
                    </taxoncl>
                  </taxoncl>
                </taxoncl>
              </taxoncl>
            </taxoncl>
          </taxoncl>
        </taxoncl>
      </taxoncl>
      <taxoncl>
        <taxonrn>Kingdom</taxonrn>
        <taxonrv>Plantae</taxonrv>
        <taxoncl>
          <taxonrn>Subkingdom</taxonrn>
          <taxonrv>Viridiplantae</taxonrv>
          <taxoncl>
            <taxonrn>Infrakingdom</taxonrn>
            <taxonrv>Streptophyta</taxonrv>
            <taxoncl>
              <taxonrn>Superdivision</taxonrn>
              <taxonrv>Embryophyta</taxonrv>
              <taxoncl>
                <taxonrn>Division</taxonrn>
                <taxonrv>Tracheophyta</taxonrv>
                <taxoncl>
                  <taxonrn>Subdivision</taxonrn>
                  <taxonrv>Spermatophytina</taxonrv>
                  <taxoncl>
                    <taxonrn>Class</taxonrn>
                    <taxonrv>Magnoliopsida</taxonrv>
                    <taxoncl>
                      <taxonrn>Superorder</taxonrn>
                      <taxonrv>Asteranae</taxonrv>
                      <taxoncl>
                        <taxonrn>Order</taxonrn>
                        <taxonrv>Cornales</taxonrv>
                        <taxoncl>
                          <taxonrn>Family</taxonrn>
                          <taxonrv>Nyssaceae</taxonrv>
                          <taxoncl>
                            <taxonrn>Genus</taxonrn>
                            <taxonrv>Nyssa</taxonrv>
                            <taxoncl>
                              <taxonrn>Species</taxonrn>
                              <taxonrv>Nyssa biflora</taxonrv>
                              <common>swamp tupelo</common>
                            </taxoncl>
                          </taxoncl>
                        </taxoncl>
                      </taxoncl>
                    </taxoncl>
                  </taxoncl>
                </taxoncl>
              </taxoncl>
            </taxoncl>
          </taxoncl>
        </taxoncl>
      </taxoncl>
      <taxoncl>
        <taxonrn>Kingdom</taxonrn>
        <taxonrv>Plantae</taxonrv>
        <taxoncl>
          <taxonrn>Subkingdom</taxonrn>
          <taxonrv>Viridiplantae</taxonrv>
          <taxoncl>
            <taxonrn>Infrakingdom</taxonrn>
            <taxonrv>Streptophyta</taxonrv>
            <taxoncl>
              <taxonrn>Superdivision</taxonrn>
              <taxonrv>Embryophyta</taxonrv>
              <taxoncl>
                <taxonrn>Division</taxonrn>
                <taxonrv>Tracheophyta</taxonrv>
                <taxoncl>
                  <taxonrn>Subdivision</taxonrn>
                  <taxonrv>Spermatophytina</taxonrv>
                  <taxoncl>
                    <taxonrn>Class</taxonrn>
                    <taxonrv>Magnoliopsida</taxonrv>
                    <taxoncl>
                      <taxonrn>Superorder</taxonrn>
                      <taxonrv>Asteranae</taxonrv>
                      <taxoncl>
                        <taxonrn>Order</taxonrn>
                        <taxonrv>Gentianales</taxonrv>
                        <taxoncl>
                          <taxonrn>Family</taxonrn>
                          <taxonrv>Rubiaceae</taxonrv>
                          <taxoncl>
                            <taxonrn>Genus</taxonrn>
                            <taxonrv>Cephalanthus</taxonrv>
                            <taxoncl>
                              <taxonrn>Species</taxonrn>
                              <taxonrv>Cephalanthus occidentalis</taxonrv>
                              <common>buttonbush</common>
                              <common>common buttonbush</common>
                            </taxoncl>
                          </taxoncl>
                        </taxoncl>
                      </taxoncl>
                    </taxoncl>
                  </taxoncl>
                </taxoncl>
              </taxoncl>
            </taxoncl>
          </taxoncl>
        </taxoncl>
      </taxoncl>
      <taxoncl>
        <taxonrn>Kingdom</taxonrn>
        <taxonrv>Plantae</taxonrv>
        <taxoncl>
          <taxonrn>Subkingdom</taxonrn>
          <taxonrv>Viridiplantae</taxonrv>
          <taxoncl>
            <taxonrn>Infrakingdom</taxonrn>
            <taxonrv>Streptophyta</taxonrv>
            <taxoncl>
              <taxonrn>Superdivision</taxonrn>
              <taxonrv>Embryophyta</taxonrv>
              <taxoncl>
                <taxonrn>Division</taxonrn>
                <taxonrv>Tracheophyta</taxonrv>
                <taxoncl>
                  <taxonrn>Subdivision</taxonrn>
                  <taxonrv>Spermatophytina</taxonrv>
                  <taxoncl>
                    <taxonrn>Class</taxonrn>
                    <taxonrv>Magnoliopsida</taxonrv>
                    <taxoncl>
                      <taxonrn>Superorder</taxonrn>
                      <taxonrv>Rosanae</taxonrv>
                      <taxoncl>
                        <taxonrn>Order</taxonrn>
                        <taxonrv>Malpighiales</taxonrv>
                        <taxoncl>
                          <taxonrn>Family</taxonrn>
                          <taxonrv>Euphorbiaceae</taxonrv>
                          <taxoncl>
                            <taxonrn>Genus</taxonrn>
                            <taxonrv>Triadica</taxonrv>
                            <taxoncl>
                              <taxonrn>Species</taxonrn>
                              <taxonrv>Triadica sebifera</taxonrv>
                              <common>tallowtree</common>
                              <common>Chinese tallow</common>
                            </taxoncl>
                          </taxoncl>
                        </taxoncl>
                      </taxoncl>
                    </taxoncl>
                  </taxoncl>
                </taxoncl>
              </taxoncl>
            </taxoncl>
          </taxoncl>
        </taxoncl>
      </taxoncl>
      <taxoncl>
        <taxonrn>Kingdom</taxonrn>
        <taxonrv>Plantae</taxonrv>
        <taxoncl>
          <taxonrn>Subkingdom</taxonrn>
          <taxonrv>Viridiplantae</taxonrv>
          <taxoncl>
            <taxonrn>Infrakingdom</taxonrn>
            <taxonrv>Streptophyta</taxonrv>
            <taxoncl>
              <taxonrn>Superdivision</taxonrn>
              <taxonrv>Embryophyta</taxonrv>
              <taxoncl>
                <taxonrn>Division</taxonrn>
                <taxonrv>Tracheophyta</taxonrv>
                <taxoncl>
                  <taxonrn>Subdivision</taxonrn>
                  <taxonrv>Spermatophytina</taxonrv>
                  <taxoncl>
                    <taxonrn>Class</taxonrn>
                    <taxonrv>Pinopsida</taxonrv>
                    <taxoncl>
                      <taxonrn>Subclass</taxonrn>
                      <taxonrv>Pinidae</taxonrv>
                      <taxoncl>
                        <taxonrn>Order</taxonrn>
                        <taxonrv>Pinales</taxonrv>
                        <taxoncl>
                          <taxonrn>Family</taxonrn>
                          <taxonrv>Cupressaceae</taxonrv>
                          <taxoncl>
                            <taxonrn>Genus</taxonrn>
                            <taxonrv>Taxodium</taxonrv>
                            <taxoncl>
                              <taxonrn>Species</taxonrn>
                              <taxonrv>Taxodium distichum</taxonrv>
                              <common>baldcypress</common>
                              <common>bald cypress</common>
                            </taxoncl>
                          </taxoncl>
                        </taxoncl>
                      </taxoncl>
                    </taxoncl>
                  </taxoncl>
                </taxoncl>
              </taxoncl>
            </taxoncl>
          </taxoncl>
        </taxoncl>
      </taxoncl>
      <taxoncl>
        <taxonrn>Kingdom</taxonrn>
        <taxonrv>Plantae</taxonrv>
        <taxoncl>
          <taxonrn>Subkingdom</taxonrn>
          <taxonrv>Viridiplantae</taxonrv>
          <taxoncl>
            <taxonrn>Infrakingdom</taxonrn>
            <taxonrv>Streptophyta</taxonrv>
            <taxoncl>
              <taxonrn>Superdivision</taxonrn>
              <taxonrv>Embryophyta</taxonrv>
              <taxoncl>
                <taxonrn>Division</taxonrn>
                <taxonrv>Tracheophyta</taxonrv>
                <taxoncl>
                  <taxonrn>Subdivision</taxonrn>
                  <taxonrv>Spermatophytina</taxonrv>
                  <taxoncl>
                    <taxonrn>Class</taxonrn>
                    <taxonrv>Magnoliopsida</taxonrv>
                    <taxoncl>
                      <taxonrn>Superorder</taxonrn>
                      <taxonrv>Asteranae</taxonrv>
                      <taxoncl>
                        <taxonrn>Order</taxonrn>
                        <taxonrv>Aquifoliales</taxonrv>
                        <taxoncl>
                          <taxonrn>Family</taxonrn>
                          <taxonrv>Aquifoliaceae</taxonrv>
                          <taxoncl>
                            <taxonrn>Genus</taxonrn>
                            <taxonrv>Ilex</taxonrv>
                            <taxoncl>
                              <taxonrn>Species</taxonrn>
                              <taxonrv>Ilex cassine</taxonrv>
                              <common>dahoon</common>
                            </taxoncl>
                          </taxoncl>
                        </taxoncl>
                      </taxoncl>
                    </taxoncl>
                  </taxoncl>
                </taxoncl>
              </taxoncl>
            </taxoncl>
          </taxoncl>
        </taxoncl>
      </taxoncl>
      <taxoncl>
        <taxonrn>Kingdom</taxonrn>
        <taxonrv>Plantae</taxonrv>
        <taxoncl>
          <taxonrn>Subkingdom</taxonrn>
          <taxonrv>Viridiplantae</taxonrv>
          <taxoncl>
            <taxonrn>Infrakingdom</taxonrn>
            <taxonrv>Streptophyta</taxonrv>
            <taxoncl>
              <taxonrn>Superdivision</taxonrn>
              <taxonrv>Embryophyta</taxonrv>
              <taxoncl>
                <taxonrn>Division</taxonrn>
                <taxonrv>Tracheophyta</taxonrv>
                <taxoncl>
                  <taxonrn>Subdivision</taxonrn>
                  <taxonrv>Spermatophytina</taxonrv>
                  <taxoncl>
                    <taxonrn>Class</taxonrn>
                    <taxonrv>Magnoliopsida</taxonrv>
                    <taxoncl>
                      <taxonrn>Superorder</taxonrn>
                      <taxonrv>Rosanae</taxonrv>
                      <taxoncl>
                        <taxonrn>Order</taxonrn>
                        <taxonrv>Fagales</taxonrv>
                        <taxoncl>
                          <taxonrn>Family</taxonrn>
                          <taxonrv>Betulaceae</taxonrv>
                          <taxoncl>
                            <taxonrn>Genus</taxonrn>
                            <taxonrv>Carpinus</taxonrv>
                            <taxoncl>
                              <taxonrn>Species</taxonrn>
                              <taxonrv>Carpinus caroliniana</taxonrv>
                              <common>American hornbeam</common>
                            </taxoncl>
                          </taxoncl>
                        </taxoncl>
                      </taxoncl>
                    </taxoncl>
                  </taxoncl>
                </taxoncl>
              </taxoncl>
            </taxoncl>
          </taxoncl>
        </taxoncl>
      </taxoncl>
      <taxoncl>
        <taxonrn>Kingdom</taxonrn>
        <taxonrv>Plantae</taxonrv>
        <taxoncl>
          <taxonrn>Subkingdom</taxonrn>
          <taxonrv>Viridiplantae</taxonrv>
          <taxoncl>
            <taxonrn>Infrakingdom</taxonrn>
            <taxonrv>Streptophyta</taxonrv>
            <taxoncl>
              <taxonrn>Superdivision</taxonrn>
              <taxonrv>Embryophyta</taxonrv>
              <taxoncl>
                <taxonrn>Division</taxonrn>
                <taxonrv>Tracheophyta</taxonrv>
                <taxoncl>
                  <taxonrn>Subdivision</taxonrn>
                  <taxonrv>Spermatophytina</taxonrv>
                  <taxoncl>
                    <taxonrn>Class</taxonrn>
                    <taxonrv>Magnoliopsida</taxonrv>
                    <taxoncl>
                      <taxonrn>Superorder</taxonrn>
                      <taxonrv>Rosanae</taxonrv>
                      <taxoncl>
                        <taxonrn>Order</taxonrn>
                        <taxonrv>Fagales</taxonrv>
                        <taxoncl>
                          <taxonrn>Family</taxonrn>
                          <taxonrv>Fagaceae</taxonrv>
                          <taxoncl>
                            <taxonrn>Genus</taxonrn>
                            <taxonrv>Quercus</taxonrv>
                            <taxoncl>
                              <taxonrn>Species</taxonrn>
                              <taxonrv>Quercus laurifolia</taxonrv>
                              <common>laurel oak</common>
                            </taxoncl>
                          </taxoncl>
                        </taxoncl>
                      </taxoncl>
                    </taxoncl>
                  </taxoncl>
                </taxoncl>
              </taxoncl>
            </taxoncl>
          </taxoncl>
        </taxoncl>
      </taxoncl>
      <taxoncl>
        <taxonrn>Kingdom</taxonrn>
        <taxonrv>Plantae</taxonrv>
        <taxoncl>
          <taxonrn>Subkingdom</taxonrn>
          <taxonrv>Viridiplantae</taxonrv>
          <taxoncl>
            <taxonrn>Infrakingdom</taxonrn>
            <taxonrv>Streptophyta</taxonrv>
            <taxoncl>
              <taxonrn>Superdivision</taxonrn>
              <taxonrv>Embryophyta</taxonrv>
              <taxoncl>
                <taxonrn>Division</taxonrn>
                <taxonrv>Tracheophyta</taxonrv>
                <taxoncl>
                  <taxonrn>Subdivision</taxonrn>
                  <taxonrv>Spermatophytina</taxonrv>
                  <taxoncl>
                    <taxonrn>Class</taxonrn>
                    <taxonrv>Pinopsida</taxonrv>
                    <taxoncl>
                      <taxonrn>Subclass</taxonrn>
                      <taxonrv>Pinidae</taxonrv>
                      <taxoncl>
                        <taxonrn>Order</taxonrn>
                        <taxonrv>Pinales</taxonrv>
                        <taxoncl>
                          <taxonrn>Family</taxonrn>
                          <taxonrv>Pinaceae</taxonrv>
                          <taxoncl>
                            <taxonrn>Genus</taxonrn>
                            <taxonrv>Pinus</taxonrv>
                            <taxoncl>
                              <taxonrn>Species</taxonrn>
                              <taxonrv>Pinus taeda</taxonrv>
                              <common>loblolly pine</common>
                            </taxoncl>
                          </taxoncl>
                        </taxoncl>
                      </taxoncl>
                    </taxoncl>
                  </taxoncl>
                </taxoncl>
              </taxoncl>
            </taxoncl>
          </taxoncl>
        </taxoncl>
      </taxoncl>
      <taxoncl>
        <taxonrn>Kingdom</taxonrn>
        <taxonrv>Plantae</taxonrv>
        <taxoncl>
          <taxonrn>Subkingdom</taxonrn>
          <taxonrv>Viridiplantae</taxonrv>
          <taxoncl>
            <taxonrn>Infrakingdom</taxonrn>
            <taxonrv>Streptophyta</taxonrv>
            <taxoncl>
              <taxonrn>Superdivision</taxonrn>
              <taxonrv>Embryophyta</taxonrv>
              <taxoncl>
                <taxonrn>Division</taxonrn>
                <taxonrv>Tracheophyta</taxonrv>
                <taxoncl>
                  <taxonrn>Subdivision</taxonrn>
                  <taxonrv>Spermatophytina</taxonrv>
                  <taxoncl>
                    <taxonrn>Class</taxonrn>
                    <taxonrv>Magnoliopsida</taxonrv>
                    <taxoncl>
                      <taxonrn>Superorder</taxonrn>
                      <taxonrv>Rosanae</taxonrv>
                      <taxoncl>
                        <taxonrn>Order</taxonrn>
                        <taxonrv>Fabales</taxonrv>
                        <taxoncl>
                          <taxonrn>Family</taxonrn>
                          <taxonrv>Fabaceae</taxonrv>
                          <taxoncl>
                            <taxonrn>Genus</taxonrn>
                            <taxonrv>Sesbania</taxonrv>
                            <taxoncl>
                              <taxonrn>Species</taxonrn>
                              <taxonrv>Sesbania punicea</taxonrv>
                              <common>rattlebox</common>
                            </taxoncl>
                          </taxoncl>
                        </taxoncl>
                      </taxoncl>
                    </taxoncl>
                  </taxoncl>
                </taxoncl>
              </taxoncl>
            </taxoncl>
          </taxoncl>
        </taxoncl>
      </taxoncl>
      <taxoncl>
        <taxonrn>Kingdom</taxonrn>
        <taxonrv>Plantae</taxonrv>
        <taxoncl>
          <taxonrn>Subkingdom</taxonrn>
          <taxonrv>Viridiplantae</taxonrv>
          <taxoncl>
            <taxonrn>Infrakingdom</taxonrn>
            <taxonrv>Streptophyta</taxonrv>
            <taxoncl>
              <taxonrn>Superdivision</taxonrn>
              <taxonrv>Embryophyta</taxonrv>
              <taxoncl>
                <taxonrn>Division</taxonrn>
                <taxonrv>Tracheophyta</taxonrv>
                <taxoncl>
                  <taxonrn>Subdivision</taxonrn>
                  <taxonrv>Spermatophytina</taxonrv>
                  <taxoncl>
                    <taxonrn>Class</taxonrn>
                    <taxonrv>Magnoliopsida</taxonrv>
                    <taxoncl>
                      <taxonrn>Superorder</taxonrn>
                      <taxonrv>Magnolianae</taxonrv>
                      <taxoncl>
                        <taxonrn>Order</taxonrn>
                        <taxonrv>Laurales</taxonrv>
                        <taxoncl>
                          <taxonrn>Family</taxonrn>
                          <taxonrv>Lauraceae</taxonrv>
                          <taxoncl>
                            <taxonrn>Genus</taxonrn>
                            <taxonrv>Persea</taxonrv>
                            <taxoncl>
                              <taxonrn>Species</taxonrn>
                              <taxonrv>Persea palustris</taxonrv>
                              <common>swamp bay</common>
                            </taxoncl>
                          </taxoncl>
                        </taxoncl>
                      </taxoncl>
                    </taxoncl>
                  </taxoncl>
                </taxoncl>
              </taxoncl>
            </taxoncl>
          </taxoncl>
        </taxoncl>
      </taxoncl>
      <taxoncl>
        <taxonrn>Kingdom</taxonrn>
        <taxonrv>Plantae</taxonrv>
        <taxoncl>
          <taxonrn>Subkingdom</taxonrn>
          <taxonrv>Viridiplantae</taxonrv>
          <taxoncl>
            <taxonrn>Infrakingdom</taxonrn>
            <taxonrv>Streptophyta</taxonrv>
            <taxoncl>
              <taxonrn>Superdivision</taxonrn>
              <taxonrv>Embryophyta</taxonrv>
              <taxoncl>
                <taxonrn>Division</taxonrn>
                <taxonrv>Tracheophyta</taxonrv>
                <taxoncl>
                  <taxonrn>Subdivision</taxonrn>
                  <taxonrv>Spermatophytina</taxonrv>
                  <taxoncl>
                    <taxonrn>Class</taxonrn>
                    <taxonrv>Magnoliopsida</taxonrv>
                    <taxoncl>
                      <taxonrn>Superorder</taxonrn>
                      <taxonrv>Rosanae</taxonrv>
                      <taxoncl>
                        <taxonrn>Order</taxonrn>
                        <taxonrv>Sapindales</taxonrv>
                        <taxoncl>
                          <taxonrn>Family</taxonrn>
                          <taxonrv>Sapindaceae</taxonrv>
                          <taxoncl>
                            <taxonrn>Genus</taxonrn>
                            <taxonrv>Acer</taxonrv>
                            <taxoncl>
                              <taxonrn>Species</taxonrn>
                              <taxonrv>Acer rubrum</taxonrv>
                              <common>red maple</common>
                            </taxoncl>
                          </taxoncl>
                        </taxoncl>
                      </taxoncl>
                    </taxoncl>
                  </taxoncl>
                </taxoncl>
              </taxoncl>
            </taxoncl>
          </taxoncl>
        </taxoncl>
      </taxoncl>
      <taxoncl>
        <taxonrn>Kingdom</taxonrn>
        <taxonrv>Plantae</taxonrv>
        <taxoncl>
          <taxonrn>Subkingdom</taxonrn>
          <taxonrv>Viridiplantae</taxonrv>
          <taxoncl>
            <taxonrn>Infrakingdom</taxonrn>
            <taxonrv>Streptophyta</taxonrv>
            <taxoncl>
              <taxonrn>Superdivision</taxonrn>
              <taxonrv>Embryophyta</taxonrv>
              <taxoncl>
                <taxonrn>Division</taxonrn>
                <taxonrv>Tracheophyta</taxonrv>
                <taxoncl>
                  <taxonrn>Subdivision</taxonrn>
                  <taxonrv>Spermatophytina</taxonrv>
                  <taxoncl>
                    <taxonrn>Class</taxonrn>
                    <taxonrv>Magnoliopsida</taxonrv>
                    <taxoncl>
                      <taxonrn>Superorder</taxonrn>
                      <taxonrv>Asteranae</taxonrv>
                      <taxoncl>
                        <taxonrn>Order</taxonrn>
                        <taxonrv>Cornales</taxonrv>
                        <taxoncl>
                          <taxonrn>Family</taxonrn>
                          <taxonrv>Cornaceae</taxonrv>
                          <taxoncl>
                            <taxonrn>Genus</taxonrn>
                            <taxonrv>Cornus</taxonrv>
                            <taxoncl>
                              <taxonrn>Species</taxonrn>
                              <taxonrv>Cornus foemina</taxonrv>
                              <common>stiff dogwood</common>
                              <common>swamp dogwood</common>
                            </taxoncl>
                          </taxoncl>
                        </taxoncl>
                      </taxoncl>
                    </taxoncl>
                  </taxoncl>
                </taxoncl>
              </taxoncl>
            </taxoncl>
          </taxoncl>
        </taxoncl>
      </taxoncl>
      <taxoncl>
        <taxonrn>Kingdom</taxonrn>
        <taxonrv>Plantae</taxonrv>
        <taxoncl>
          <taxonrn>Subkingdom</taxonrn>
          <taxonrv>Viridiplantae</taxonrv>
          <taxoncl>
            <taxonrn>Infrakingdom</taxonrn>
            <taxonrv>Streptophyta</taxonrv>
            <taxoncl>
              <taxonrn>Superdivision</taxonrn>
              <taxonrv>Embryophyta</taxonrv>
              <taxoncl>
                <taxonrn>Division</taxonrn>
                <taxonrv>Tracheophyta</taxonrv>
                <taxoncl>
                  <taxonrn>Subdivision</taxonrn>
                  <taxonrv>Spermatophytina</taxonrv>
                  <taxoncl>
                    <taxonrn>Class</taxonrn>
                    <taxonrv>Magnoliopsida</taxonrv>
                    <taxoncl>
                      <taxonrn>Superorder</taxonrn>
                      <taxonrv>Saxifraganae</taxonrv>
                      <taxoncl>
                        <taxonrn>Order</taxonrn>
                        <taxonrv>Saxifragales</taxonrv>
                        <taxoncl>
                          <taxonrn>Family</taxonrn>
                          <taxonrv>Altingiaceae</taxonrv>
                          <taxoncl>
                            <taxonrn>Genus</taxonrn>
                            <taxonrv>Liquidambar</taxonrv>
                            <taxoncl>
                              <taxonrn>Species</taxonrn>
                              <taxonrv>Liquidambar styraciflua</taxonrv>
                              <common>sweetgum</common>
                            </taxoncl>
                          </taxoncl>
                        </taxoncl>
                      </taxoncl>
                    </taxoncl>
                  </taxoncl>
                </taxoncl>
              </taxoncl>
            </taxoncl>
          </taxoncl>
        </taxoncl>
      </taxoncl>
      <taxoncl>
        <taxonrn>Kingdom</taxonrn>
        <taxonrv>Plantae</taxonrv>
        <taxoncl>
          <taxonrn>Subkingdom</taxonrn>
          <taxonrv>Viridiplantae</taxonrv>
          <taxoncl>
            <taxonrn>Infrakingdom</taxonrn>
            <taxonrv>Streptophyta</taxonrv>
            <taxoncl>
              <taxonrn>Superdivision</taxonrn>
              <taxonrv>Embryophyta</taxonrv>
              <taxoncl>
                <taxonrn>Division</taxonrn>
                <taxonrv>Tracheophyta</taxonrv>
                <taxoncl>
                  <taxonrn>Subdivision</taxonrn>
                  <taxonrv>Spermatophytina</taxonrv>
                  <taxoncl>
                    <taxonrn>Class</taxonrn>
                    <taxonrv>Magnoliopsida</taxonrv>
                    <taxoncl>
                      <taxonrn>Superorder</taxonrn>
                      <taxonrv>Rosanae</taxonrv>
                      <taxoncl>
                        <taxonrn>Order</taxonrn>
                        <taxonrv>Rosales</taxonrv>
                        <taxoncl>
                          <taxonrn>Family</taxonrn>
                          <taxonrv>Ulmaceae</taxonrv>
                          <taxoncl>
                            <taxonrn>Genus</taxonrn>
                            <taxonrv>Planera</taxonrv>
                            <taxoncl>
                              <taxonrn>Species</taxonrn>
                              <taxonrv>Planera aquatica</taxonrv>
                              <common>water-elm</common>
                              <common>water elm</common>
                              <common>planertree</common>
                            </taxoncl>
                          </taxoncl>
                        </taxoncl>
                      </taxoncl>
                    </taxoncl>
                  </taxoncl>
                </taxoncl>
              </taxoncl>
            </taxoncl>
          </taxoncl>
        </taxoncl>
      </taxoncl>
      <taxoncl>
        <taxonrn>Kingdom</taxonrn>
        <taxonrv>Plantae</taxonrv>
        <taxoncl>
          <taxonrn>Subkingdom</taxonrn>
          <taxonrv>Viridiplantae</taxonrv>
          <taxoncl>
            <taxonrn>Infrakingdom</taxonrn>
            <taxonrv>Streptophyta</taxonrv>
            <taxoncl>
              <taxonrn>Superdivision</taxonrn>
              <taxonrv>Embryophyta</taxonrv>
              <taxoncl>
                <taxonrn>Division</taxonrn>
                <taxonrv>Tracheophyta</taxonrv>
                <taxoncl>
                  <taxonrn>Subdivision</taxonrn>
                  <taxonrv>Spermatophytina</taxonrv>
                  <taxoncl>
                    <taxonrn>Class</taxonrn>
                    <taxonrv>Magnoliopsida</taxonrv>
                    <taxoncl>
                      <taxonrn>Superorder</taxonrn>
                      <taxonrv>Rosanae</taxonrv>
                      <taxoncl>
                        <taxonrn>Order</taxonrn>
                        <taxonrv>Fagales</taxonrv>
                        <taxoncl>
                          <taxonrn>Family</taxonrn>
                          <taxonrv>Fagaceae</taxonrv>
                          <taxoncl>
                            <taxonrn>Genus</taxonrn>
                            <taxonrv>Quercus</taxonrv>
                            <taxoncl>
                              <taxonrn>Species</taxonrn>
                              <taxonrv>Quercus nigra</taxonrv>
                              <common>water oak</common>
                            </taxoncl>
                          </taxoncl>
                        </taxoncl>
                      </taxoncl>
                    </taxoncl>
                  </taxoncl>
                </taxoncl>
              </taxoncl>
            </taxoncl>
          </taxoncl>
        </taxoncl>
      </taxoncl>
      <taxoncl>
        <taxonrn>Kingdom</taxonrn>
        <taxonrv>Plantae</taxonrv>
        <taxoncl>
          <taxonrn>Subkingdom</taxonrn>
          <taxonrv>Viridiplantae</taxonrv>
          <taxoncl>
            <taxonrn>Infrakingdom</taxonrn>
            <taxonrv>Streptophyta</taxonrv>
            <taxoncl>
              <taxonrn>Superdivision</taxonrn>
              <taxonrv>Embryophyta</taxonrv>
              <taxoncl>
                <taxonrn>Division</taxonrn>
                <taxonrv>Tracheophyta</taxonrv>
                <taxoncl>
                  <taxonrn>Subdivision</taxonrn>
                  <taxonrv>Spermatophytina</taxonrv>
                  <taxoncl>
                    <taxonrn>Class</taxonrn>
                    <taxonrv>Magnoliopsida</taxonrv>
                    <taxoncl>
                      <taxonrn>Superorder</taxonrn>
                      <taxonrv>Asteranae</taxonrv>
                      <taxoncl>
                        <taxonrn>Order</taxonrn>
                        <taxonrv>Cornales</taxonrv>
                        <taxoncl>
                          <taxonrn>Family</taxonrn>
                          <taxonrv>Nyssaceae</taxonrv>
                          <taxoncl>
                            <taxonrn>Genus</taxonrn>
                            <taxonrv>Nyssa</taxonrv>
                            <taxoncl>
                              <taxonrn>Species</taxonrn>
                              <taxonrv>Nyssa aquatica</taxonrv>
                              <common>water tupelo</common>
                            </taxoncl>
                          </taxoncl>
                        </taxoncl>
                      </taxoncl>
                    </taxoncl>
                  </taxoncl>
                </taxoncl>
              </taxoncl>
            </taxoncl>
          </taxoncl>
        </taxoncl>
      </taxoncl>
      <taxoncl>
        <taxonrn>Kingdom</taxonrn>
        <taxonrv>Plantae</taxonrv>
        <taxoncl>
          <taxonrn>Subkingdom</taxonrn>
          <taxonrv>Viridiplantae</taxonrv>
          <taxoncl>
            <taxonrn>Infrakingdom</taxonrn>
            <taxonrv>Streptophyta</taxonrv>
            <taxoncl>
              <taxonrn>Superdivision</taxonrn>
              <taxonrv>Embryophyta</taxonrv>
              <taxoncl>
                <taxonrn>Division</taxonrn>
                <taxonrv>Tracheophyta</taxonrv>
                <taxoncl>
                  <taxonrn>Subdivision</taxonrn>
                  <taxonrv>Spermatophytina</taxonrv>
                  <taxoncl>
                    <taxonrn>Class</taxonrn>
                    <taxonrv>Magnoliopsida</taxonrv>
                    <taxoncl>
                      <taxonrn>Superorder</taxonrn>
                      <taxonrv>Rosanae</taxonrv>
                      <taxoncl>
                        <taxonrn>Order</taxonrn>
                        <taxonrv>Fagales</taxonrv>
                        <taxoncl>
                          <taxonrn>Family</taxonrn>
                          <taxonrv>Myricaceae</taxonrv>
                          <taxoncl>
                            <taxonrn>Genus</taxonrn>
                            <taxonrv>Morella</taxonrv>
                            <taxoncl>
                              <taxonrn>Species</taxonrn>
                              <taxonrv>Morella cerifera</taxonrv>
                              <common>waxmyrtle</common>
                              <common>wax myrtle</common>
                            </taxoncl>
                          </taxoncl>
                        </taxoncl>
                      </taxoncl>
                    </taxoncl>
                  </taxoncl>
                </taxoncl>
              </taxoncl>
            </taxoncl>
          </taxoncl>
        </taxoncl>
      </taxoncl>
    </taxonomy>
    <accconst>none</accconst>
    <useconst>none</useconst>
    <ptcontac>
      <cntinfo>
        <cntperp>
          <cntper>Ken W Krauss</cntper>
          <cntorg>Southeast Region</cntorg>
        </cntperp>
        <cntaddr>
          <addrtype>mailing and physical</addrtype>
          <address>700 Cajundome Blvd</address>
          <city>Lafayette</city>
          <state>LA</state>
          <postal>70506</postal>
          <country>United States</country>
        </cntaddr>
        <cntvoice>337-266-8500</cntvoice>
        <cntemail>kraussk@usgs.gov</cntemail>
      </cntinfo>
    </ptcontac>
  </idinfo>
  <dataqual>
    <attracc>
      <attraccr>No formal attribute accuracy tests were conducted</attraccr>
    </attracc>
    <logic>No formal logical accuracy tests were conducted</logic>
    <complete>Data set is considered complete for the information presented, as described in the abstract. Users are advised to read the rest of the metadata record carefully for additional details.</complete>
    <posacc>
      <horizpa>
        <horizpar>No formal positional accuracy tests were conducted</horizpar>
      </horizpa>
      <vertacc>
        <vertaccr>No formal positional accuracy tests were conducted</vertaccr>
      </vertacc>
    </posacc>
    <lineage>
      <method>
        <methtype>both</methtype>
        <methdesc>Tree and shrub surveys were conducted according to the USGS Climate and Land Use Change R&amp;D project study sites along the Savannah and Waccamaw rivers, originally described in Krauss et al. 2009 (Wetlands, vol. 29, 5p. 05-519). Since, Marsh sites were added, but they have no forest structural data to report as they are Marsh. Herbaceous data from the Marsh sites reported herein were from Ensign et al. 2014 (Estuaries and Coasts, vol. 37, p. 1107-1119), and listed in that report as “Waccamaw Oligohaline marsh” and “Savannah Oligohaline marsh”. Methods of calculating carbon biomass for trees followed Jenkins et al. 2003 (Forest Science, vol. 49, p. 12-35) because we do not have information regarding % cull or individual tree heights. For the journal article, biomass methods of trees 2.5 cm and larger follow Jenkins et al 2003 (Forest Science, vol. 49, p. 12-35). Biomass methods of trees smaller than 2.5 cm DBH follow Day and Monk 1974 (Ecology, vol. 55, p. 1064-1074). 
Litterfall data from 2005-2009 were previously published in Cormier et al. 2013 (Estuaries and Coasts, vol. 36, p. 533-546). Wood biomass increment was determined by assessing annual individual tree diameter change following the methods of Megonigal et al. 1997 (Ecology, v. 78, p. 370-384). 
Root ingrowth data represent ingrowth of roots into root-free cores over the course of one year. These data were used at face value for the Savannah River, but averaged with Pierfelice et al. 2017 (Journal of Hydrologic Engineering, v. 22, D5015002) for the Waccamaw River. 
Greenhouse gas data represent raw individual chamber-based values from Krauss and Whitbeck 2012 (Wetlands, v. 32, p. 73-81), which were used to determine soil C fluxes from Savannah River Upper, Middle, and Lower sites, and used to estimate soil C fluxes from Savannah River Marsh. 
Percent carbon data were derived from an elemental analyzer and were used to derive %C vs LOI relationship, to derive %C for remaining samples, and calculate C accumulation rates. 
After data entry all datasets were reviewed for QA/QC.</methdesc>
      </method>
      <procstep>
        <procdesc>Datasets were created using data collected in the field and in the lab.</procdesc>
        <procdate>2017</procdate>
      </procstep>
    </lineage>
  </dataqual>
  <spdoinfo>
    <indspref>Geographic Names Index System (GNIS) placenames</indspref>
  </spdoinfo>
  <eainfo>
    <detailed>
      <enttyp>
        <enttypl>TFFW_Carbon_Budget_Stand_Structure_2005_and_2012.csv</enttypl>
        <enttypd>Tree and shrub surveys were conducted according to the USGS Climate and Land Use Change R&amp;D project study sites along the Savannah and Waccamaw rivers, originally described in Krauss et al. 2009 (Wetlands, vol. 29, 5p. 05-519). Since, Marsh sites were added, but they have no forest structural data to report as they are Marsh. Herbaceous data from the Marsh sites reported herein were from Ensign et al. 2014 (Estuaries and Coasts, vol. 37, p. 1107-1119), and listed in that report as “Waccamaw Oligohaline marsh” and “Savannah Oligohaline marsh”.  Methods of calculating carbon biomass for trees followed Jenkins et al. 2003 (Forest Science, vol. 49, p. 12-35) because we do not have information regarding % cull or individual tree heights.  For the journal article, biomass methods of trees 2.5 cm and larger follow Jenkins et al 2003 (Forest Science, vol. 49, p. 12-35). Biomass methods of trees smaller than 2.5 cm DBH follow Day and Monk 1974 (Ecology, vol. 55, p. 1064-1074).</enttypd>
        <enttypds>Producer defined</enttypds>
      </enttyp>
      <attr>
        <attrlabl>River</attrlabl>
        <attrdef>River designation</attrdef>
        <attrdefs>Producer defined</attrdefs>
        <attrdomv>
          <edom>
            <edomv>Savannah</edomv>
            <edomvd>Savannah River study sites</edomvd>
            <edomvds>Producer defined</edomvds>
          </edom>
        </attrdomv>
        <attrdomv>
          <edom>
            <edomv>Waccamaw</edomv>
            <edomvd>Waccamaw River study sites</edomvd>
            <edomvds>Producer defined</edomvds>
          </edom>
        </attrdomv>
      </attr>
      <attr>
        <attrlabl>Site</attrlabl>
        <attrdef>Identifier assigned to each study location</attrdef>
        <attrdefs>Producer defined</attrdefs>
        <attrdomv>
          <edom>
            <edomv>Lower</edomv>
            <edomvd>Heavily salinity stressed forested wetland sites (salinity, 2.4-4.3 psu)</edomvd>
            <edomvds>Producer defined</edomvds>
          </edom>
        </attrdomv>
        <attrdomv>
          <edom>
            <edomv>Middle</edomv>
            <edomvd>Moderately salinity stressed forested wetland sites (salinity, 1.2-1.4 psu)</edomvd>
            <edomvds>Producer defined</edomvds>
          </edom>
        </attrdomv>
        <attrdomv>
          <edom>
            <edomv>Upper</edomv>
            <edomvd>Healthy tidal freshwater forested wetland sites (salinity, 0.1 psu)</edomvd>
            <edomvds>Producer defined</edomvds>
          </edom>
        </attrdomv>
      </attr>
      <attr>
        <attrlabl>Survey</attrlabl>
        <attrdef>Year of structural survey (2005 or 2012)</attrdef>
        <attrdefs>Producer defined</attrdefs>
        <attrdomv>
          <edom>
            <edomv>2005</edomv>
            <edomvd>Data collected in 2005</edomvd>
            <edomvds>Producer defined</edomvds>
          </edom>
        </attrdomv>
        <attrdomv>
          <edom>
            <edomv>2012</edomv>
            <edomvd>Data collected in 2012</edomvd>
            <edomvds>Producer defined</edomvds>
          </edom>
        </attrdomv>
      </attr>
      <attr>
        <attrlabl>Plot</attrlabl>
        <attrdef>Number of the paired plot on each site from which these data were collected (1 or 2); Each plot is 20 x 25 m in area.</attrdef>
        <attrdefs>Producer defined</attrdefs>
        <attrdomv>
          <edom>
            <edomv>1</edomv>
            <edomvd>Plot number designation at each site</edomvd>
            <edomvds>Producer defined</edomvds>
          </edom>
        </attrdomv>
        <attrdomv>
          <edom>
            <edomv>2</edomv>
            <edomvd>Plot number designation at each site</edomvd>
            <edomvds>Producer defined</edomvds>
          </edom>
        </attrdomv>
      </attr>
      <attr>
        <attrlabl>Tree No.</attrlabl>
        <attrdef>If tree is alive and tree DBH is ≥ 10 cm, tree is tagged with a numbered aluminum tag having this value.</attrdef>
        <attrdefs>Producer defined</attrdefs>
        <attrdomv>
          <rdom>
            <rdommin>1</rdommin>
            <rdommax>3785</rdommax>
            <attrunit>n/a</attrunit>
          </rdom>
        </attrdomv>
        <attrdomv>
          <edom>
            <edomv>.</edomv>
            <edomvd>Indicates tree was not given an aluminum tag</edomvd>
            <edomvds>Producer defined</edomvds>
          </edom>
        </attrdomv>
      </attr>
      <attr>
        <attrlabl>Species</attrlabl>
        <attrdef>Species of tree surveyed depicted by common name. Common name to scientific name conversions are presented below. See taxonomy section of this metadata record for additional taxonomic details.</attrdef>
        <attrdefs>Producer defined</attrdefs>
        <attrdomv>
          <edom>
            <edomv>hazel alder</edomv>
            <edomvd>Latin name: Alnus serrulata (Aiton) Willd.</edomvd>
            <edomvds>Producer defined</edomvds>
          </edom>
        </attrdomv>
        <attrdomv>
          <edom>
            <edomv>American elm</edomv>
            <edomvd>Latin name: Ulmus americana L.</edomvd>
            <edomvds>Producer defined</edomvds>
          </edom>
        </attrdomv>
        <attrdomv>
          <edom>
            <edomv>American holly</edomv>
            <edomvd>Latin name: Ilex opaca Aiton</edomvd>
            <edomvds>Producer defined</edomvds>
          </edom>
        </attrdomv>
        <attrdomv>
          <edom>
            <edomv>arrowwood</edomv>
            <edomvd>Latin name: Viburnum dentatum L.</edomvd>
            <edomvds>Producer defined</edomvds>
          </edom>
        </attrdomv>
        <attrdomv>
          <edom>
            <edomv>ash</edomv>
            <edomvd>Latin name: Fraxinus L.</edomvd>
            <edomvds>Producer defined</edomvds>
          </edom>
        </attrdomv>
        <attrdomv>
          <edom>
            <edomv>eastern baccharis</edomv>
            <edomvd>Latin name: Baccharis halimifolia L.</edomvd>
            <edomvds>Producer defined</edomvds>
          </edom>
        </attrdomv>
        <attrdomv>
          <edom>
            <edomv>swamp tupelo</edomv>
            <edomvd>Latin name: Nyssa biflora Walter</edomvd>
            <edomvds>Producer defined</edomvds>
          </edom>
        </attrdomv>
        <attrdomv>
          <edom>
            <edomv>buttonbush</edomv>
            <edomvd>Latin name: Cephalanthus occidentalis L.</edomvd>
            <edomvds>Producer defined</edomvds>
          </edom>
        </attrdomv>
        <attrdomv>
          <edom>
            <edomv>Chinese tallow</edomv>
            <edomvd>Latin name: Triadica sebifera (L.) Small</edomvd>
            <edomvds>Producer defined</edomvds>
          </edom>
        </attrdomv>
        <attrdomv>
          <edom>
            <edomv>baldcypress</edomv>
            <edomvd>Latin name: Taxodium distichum (L.) Rich.</edomvd>
            <edomvds>Producer defined</edomvds>
          </edom>
        </attrdomv>
        <attrdomv>
          <edom>
            <edomv>dahoon</edomv>
            <edomvd>Latin name: Ilex cassine L.</edomvd>
            <edomvds>Producer defined</edomvds>
          </edom>
        </attrdomv>
        <attrdomv>
          <edom>
            <edomv>American hornbeam</edomv>
            <edomvd>Latin name: Carpinus caroliniana Walter</edomvd>
            <edomvds>Producer defined</edomvds>
          </edom>
        </attrdomv>
        <attrdomv>
          <edom>
            <edomv>laurel oak</edomv>
            <edomvd>Latin name: Quercus laurifolia Michx.</edomvd>
            <edomvds>Producer defined</edomvds>
          </edom>
        </attrdomv>
        <attrdomv>
          <edom>
            <edomv>loblolly pine</edomv>
            <edomvd>Latin name: Pinus taeda L.</edomvd>
            <edomvds>Producer defined</edomvds>
          </edom>
        </attrdomv>
        <attrdomv>
          <edom>
            <edomv>rattlebox</edomv>
            <edomvd>Latin name: Sesbania punicea (Cav.) Benth.</edomvd>
            <edomvds>Producer defined</edomvds>
          </edom>
        </attrdomv>
        <attrdomv>
          <edom>
            <edomv>swamp bay</edomv>
            <edomvd>Latin name: Persea palustris (Raf.) Sarg.</edomvd>
            <edomvds>Producer defined</edomvds>
          </edom>
        </attrdomv>
        <attrdomv>
          <edom>
            <edomv>red maple</edomv>
            <edomvd>Latin name: Acer rubrum L.</edomvd>
            <edomvds>Producer defined</edomvds>
          </edom>
        </attrdomv>
        <attrdomv>
          <edom>
            <edomv>swamp dogwood</edomv>
            <edomvd>Latin name: Cornus foemina Mill.</edomvd>
            <edomvds>Producer defined</edomvds>
          </edom>
        </attrdomv>
        <attrdomv>
          <edom>
            <edomv>sweetgum</edomv>
            <edomvd>Latin name: Liquidambar styraciflua L.</edomvd>
            <edomvds>Producer defined</edomvds>
          </edom>
        </attrdomv>
        <attrdomv>
          <edom>
            <edomv>water elm</edomv>
            <edomvd>Latin name: Planera aquatica J.F. Gmel.</edomvd>
            <edomvds>Producer defined</edomvds>
          </edom>
        </attrdomv>
        <attrdomv>
          <edom>
            <edomv>water oak</edomv>
            <edomvd>Latin name: Quercus nigra L.</edomvd>
            <edomvds>Producer defined</edomvds>
          </edom>
        </attrdomv>
        <attrdomv>
          <edom>
            <edomv>water tupelo</edomv>
            <edomvd>Latin name: Nyssa aquatica L.</edomvd>
            <edomvds>Producer defined</edomvds>
          </edom>
        </attrdomv>
        <attrdomv>
          <edom>
            <edomv>waxmyrtle</edomv>
            <edomvd>Latin name: Morella cerifera (L.) Small</edomvd>
            <edomvds>Producer defined</edomvds>
          </edom>
        </attrdomv>
        <attrdomv>
          <edom>
            <edomv>snag</edomv>
            <edomvd>n/a (dead tree from unidentified species)</edomvd>
            <edomvds>Producer defined</edomvds>
          </edom>
        </attrdomv>
      </attr>
      <attr>
        <attrlabl>DBH</attrlabl>
        <attrdef>Tree diameter at breast height</attrdef>
        <attrdefs>Producer defined</attrdefs>
        <attrdomv>
          <rdom>
            <rdommin>0</rdommin>
            <rdommax>72.00</rdommax>
            <attrunit>centimeters</attrunit>
          </rdom>
        </attrdomv>
      </attr>
      <attr>
        <attrlabl>Live</attrlabl>
        <attrdef>Denotes whether a tree is live or dead</attrdef>
        <attrdefs>Producer defined</attrdefs>
        <attrdomv>
          <edom>
            <edomv>0</edomv>
            <edomvd>Tree is dead</edomvd>
            <edomvds>Producer defined</edomvds>
          </edom>
        </attrdomv>
        <attrdomv>
          <edom>
            <edomv>1</edomv>
            <edomvd>Tree is live</edomvd>
            <edomvds>Producer defined</edomvds>
          </edom>
        </attrdomv>
      </attr>
    </detailed>
    <detailed>
      <enttyp>
        <enttypl>TFFW_Carbon_Budget_Wood_Increment_and_Litterfall_2005_and_2015.csv</enttypl>
        <enttypd>Litterfall data from 2005-2009 were previously published in Cormier et al. 2013 (Estuaries and Coasts, vol. 36, p. 533-546).  Wood biomass increment was determined by assessing annual individual tree diameter change following the methods of Megonigal et al. 1997 (Ecology, v. 78, p. 370-384).</enttypd>
        <enttypds>Producer defined</enttypds>
      </enttyp>
      <attr>
        <attrlabl>Year</attrlabl>
        <attrdef>Year of measurement</attrdef>
        <attrdefs>Producer defined</attrdefs>
        <attrdomv>
          <rdom>
            <rdommin>2005</rdommin>
            <rdommax>2015</rdommax>
          </rdom>
        </attrdomv>
      </attr>
      <attr>
        <attrlabl>Variable</attrlabl>
        <attrdef>Indicates whether associated data are litterfall or wood biomass increment data</attrdef>
        <attrdefs>Producer defined</attrdefs>
        <attrdomv>
          <edom>
            <edomv>Litterfall</edomv>
            <edomvd>Litterfall data</edomvd>
            <edomvds>Producer defined</edomvds>
          </edom>
        </attrdomv>
        <attrdomv>
          <edom>
            <edomv>Wood biomass increment</edomv>
            <edomvd>Wood biomass data</edomvd>
            <edomvds>Producer defined</edomvds>
          </edom>
        </attrdomv>
      </attr>
      <attr>
        <attrlabl>River</attrlabl>
        <attrdef>River designation</attrdef>
        <attrdefs>Producer defined</attrdefs>
        <attrdomv>
          <edom>
            <edomv>Savannah</edomv>
            <edomvd>Savannah River study sites</edomvd>
            <edomvds>Producer defined</edomvds>
          </edom>
        </attrdomv>
        <attrdomv>
          <edom>
            <edomv>Waccamaw</edomv>
            <edomvd>Waccamaw River study sites</edomvd>
            <edomvds>Producer defined</edomvds>
          </edom>
        </attrdomv>
      </attr>
      <attr>
        <attrlabl>Upper</attrlabl>
        <attrdef>Litterfall and wood biomass data collected from the healthy tidal freshwater forested wetland sites (salinity, 0.1 psu)</attrdef>
        <attrdefs>Producer defined</attrdefs>
        <attrdomv>
          <rdom>
            <rdommin>0</rdommin>
            <rdommax>800</rdommax>
            <attrunit>grams per meter squared per year (g/m2/year)</attrunit>
          </rdom>
        </attrdomv>
      </attr>
      <attr>
        <attrlabl>Middle</attrlabl>
        <attrdef>Litterfall and wood biomass data collected from the moderately salinity stressed forested wetland sites (salinity, 1.2-1.4 psu)</attrdef>
        <attrdefs>Producer defined</attrdefs>
        <attrdomv>
          <rdom>
            <rdommin>0</rdommin>
            <rdommax>800</rdommax>
            <attrunit>grams per meter squared per year (g/m2/year)</attrunit>
          </rdom>
        </attrdomv>
      </attr>
      <attr>
        <attrlabl>Lower</attrlabl>
        <attrdef>Litterfall and wood biomass data collected from the heavily salinity stressed forested wetland sites (salinity, 2.4-4.3 psu)</attrdef>
        <attrdefs>Producer defined</attrdefs>
        <attrdomv>
          <rdom>
            <rdommin>0</rdommin>
            <rdommax>800</rdommax>
            <attrunit>grams per meter squared per year (g/m2/year)</attrunit>
          </rdom>
        </attrdomv>
      </attr>
      <attr>
        <attrlabl>Marsh</attrlabl>
        <attrdef>Litterfall and wood biomass data collected from the oligohaline marsh sites (salinity, 3.1-4.9 psu)</attrdef>
        <attrdefs>Producer defined</attrdefs>
        <attrdomv>
          <rdom>
            <rdommin>0</rdommin>
            <rdommax>800</rdommax>
            <attrunit>grams per meter squared per year (g/m2/year)</attrunit>
          </rdom>
        </attrdomv>
      </attr>
    </detailed>
    <detailed>
      <enttyp>
        <enttypl>TFFW_Carbon_Budget_WoodyDebris.csv</enttypl>
        <enttypd>wood debris dataset</enttypd>
        <enttypds>Producer defined</enttypds>
      </enttyp>
      <attr>
        <attrlabl>River</attrlabl>
        <attrdef>River designation</attrdef>
        <attrdefs>Producer defined</attrdefs>
        <attrdomv>
          <edom>
            <edomv>Waccamaw</edomv>
            <edomvd>Waccamaw River study sites</edomvd>
            <edomvds>Producer defined</edomvds>
          </edom>
        </attrdomv>
        <attrdomv>
          <edom>
            <edomv>Savannah</edomv>
            <edomvd>Savannah River study sites</edomvd>
            <edomvds>Producer defined</edomvds>
          </edom>
        </attrdomv>
      </attr>
      <attr>
        <attrlabl>Site</attrlabl>
        <attrdef>Name that was given to each study location</attrdef>
        <attrdefs>Producer defined</attrdefs>
        <attrdomv>
          <edom>
            <edomv>Upper</edomv>
            <edomvd>Healthy tidal freshwater forested wetland sites (salinity, 0.1 psu)</edomvd>
            <edomvds>Producer defined</edomvds>
          </edom>
        </attrdomv>
        <attrdomv>
          <edom>
            <edomv>Middle</edomv>
            <edomvd>Moderately salinity stressed forested wetland sites (salinity, 1.2-1.4 psu)</edomvd>
            <edomvds>Producer defined</edomvds>
          </edom>
        </attrdomv>
        <attrdomv>
          <edom>
            <edomv>Lower</edomv>
            <edomvd>Heavily salinity stressed forested wetland sites (salinity, 2.4-4.3 psu)</edomvd>
            <edomvds>Producer defined</edomvds>
          </edom>
        </attrdomv>
        <attrdomv>
          <edom>
            <edomv>Marsh</edomv>
            <edomvd>Oligohaline marsh sites (salinity, 3.1-4.9 psu)</edomvd>
            <edomvds>Producer defined</edomvds>
          </edom>
        </attrdomv>
      </attr>
      <attr>
        <attrlabl>Plot</attrlabl>
        <attrdef>Number of the paired plot on each site from which these data were collected (1 or 2); Each plot is 20 x 25 m in area.</attrdef>
        <attrdefs>Producer defined</attrdefs>
        <attrdomv>
          <edom>
            <edomv>1</edomv>
            <edomvd>Plot identifier</edomvd>
            <edomvds>Producer defined</edomvds>
          </edom>
        </attrdomv>
        <attrdomv>
          <edom>
            <edomv>2</edomv>
            <edomvd>Plot identifier</edomvd>
            <edomvds>Producer defined</edomvds>
          </edom>
        </attrdomv>
      </attr>
      <attr>
        <attrlabl>Transect</attrlabl>
        <attrdef>Line-intercept transect lines established in random azimuths, each 20 m long.</attrdef>
        <attrdefs>Plot identifier</attrdefs>
        <attrdomv>
          <edom>
            <edomv>1</edomv>
            <edomvd>Transect identifier</edomvd>
            <edomvds>Producer defined</edomvds>
          </edom>
        </attrdomv>
        <attrdomv>
          <edom>
            <edomv>2</edomv>
            <edomvd>Transect identifier</edomvd>
            <edomvds>Producer defined</edomvds>
          </edom>
        </attrdomv>
        <attrdomv>
          <edom>
            <edomv>3</edomv>
            <edomvd>Transect identifier</edomvd>
            <edomvds>Producer defined</edomvds>
          </edom>
        </attrdomv>
        <attrdomv>
          <edom>
            <edomv>4</edomv>
            <edomvd>Transect identifier</edomvd>
            <edomvds>Producer defined</edomvds>
          </edom>
        </attrdomv>
      </attr>
      <attr>
        <attrlabl>Azimuth</attrlabl>
        <attrdef>Compass azimuth of 20-m line-intercept transects.</attrdef>
        <attrdefs>Producer defined</attrdefs>
        <attrdomv>
          <rdom>
            <rdommin>AZ000</rdommin>
            <rdommax>AZ359</rdommax>
            <attrunit>degrees (000-359) with 'AZ' prefix</attrunit>
          </rdom>
        </attrdomv>
      </attr>
      <attr>
        <attrlabl>Count_Fine1</attrlabl>
        <attrdef>Count of line-intercepted wood in the 0-1 cm diameter class (within first 2 meter of transect)</attrdef>
        <attrdefs>Producer defined</attrdefs>
        <attrdomv>
          <rdom>
            <rdommin>0</rdommin>
            <rdommax>28</rdommax>
            <attrunit>frequency count</attrunit>
          </rdom>
        </attrdomv>
      </attr>
      <attr>
        <attrlabl>Count_Fine2</attrlabl>
        <attrdef>Count of line-intercepted wood in the 1-2.5 cm diameter class (within first 4 meter of transect)</attrdef>
        <attrdefs>Producer defined</attrdefs>
        <attrdomv>
          <rdom>
            <rdommin>0</rdommin>
            <rdommax>9</rdommax>
            <attrunit>frequency count</attrunit>
          </rdom>
        </attrdomv>
      </attr>
      <attr>
        <attrlabl>Count_Fine3</attrlabl>
        <attrdef>Count of line-intercepted wood in the 2.5-7.5 cm diameter class (within first 4 meter of transect)</attrdef>
        <attrdefs>Producer defined</attrdefs>
        <attrdomv>
          <rdom>
            <rdommin>0</rdommin>
            <rdommax>6</rdommax>
            <attrunit>frequency count</attrunit>
          </rdom>
        </attrdomv>
      </attr>
      <attr>
        <attrlabl>Diameter_Sound</attrlabl>
        <attrdef>For wood ≥7.5 cm, actual diameter of recently fallen and relatively firm downed wood on soil surface, or elevated no more than 1 m from surface</attrdef>
        <attrdefs>Producer defined</attrdefs>
        <attrdomv>
          <rdom>
            <rdommin>0</rdommin>
            <rdommax>0.25</rdommax>
            <attrunit>square meters</attrunit>
          </rdom>
        </attrdomv>
      </attr>
      <attr>
        <attrlabl>Diameter_Medium</attrlabl>
        <attrdef>For wood ≥7.5 cm, actual diameter of older downed wood on soil surface not easily penetrated by caliper (on surface or less than 1 m from surface)</attrdef>
        <attrdefs>Producer defined</attrdefs>
        <attrdomv>
          <rdom>
            <rdommin>0</rdommin>
            <rdommax>0.25</rdommax>
            <attrunit>square meters</attrunit>
          </rdom>
        </attrdomv>
      </attr>
      <attr>
        <attrlabl>Diameter_Rotten</attrlabl>
        <attrdef>For wood ≥7.5 cm, actual diameter of older downed wood on soil surface easily penetrated by caliper (on surface or less than 1 m from surface)</attrdef>
        <attrdefs>Producer defined</attrdefs>
        <attrdomv>
          <rdom>
            <rdommin>0</rdommin>
            <rdommax>0.25</rdommax>
            <attrunit>square meters</attrunit>
          </rdom>
        </attrdomv>
      </attr>
    </detailed>
    <detailed>
      <enttyp>
        <enttypl>TFFW_Carbon_Budget_Root_Ingrowth.csv</enttypl>
        <enttypd>These data represent ingrowth of roots into root-free cores over the course of one year. These data were used at face value for the Savannah River, but averaged with Pierfelice et al. 2017 (Journal of Hydrologic Engineering, v. 22, D5015002) for the Waccamaw River.</enttypd>
        <enttypds>Producer defined</enttypds>
      </enttyp>
      <attr>
        <attrlabl>River</attrlabl>
        <attrdef>River designation</attrdef>
        <attrdefs>Producer defined</attrdefs>
        <attrdomv>
          <edom>
            <edomv>Waccamaw</edomv>
            <edomvd>Waccamaw River study sites</edomvd>
            <edomvds>Producer defined</edomvds>
          </edom>
        </attrdomv>
        <attrdomv>
          <edom>
            <edomv>Savannah</edomv>
            <edomvd>Savannah River study sites</edomvd>
            <edomvds>Producer defined</edomvds>
          </edom>
        </attrdomv>
      </attr>
      <attr>
        <attrlabl>Site</attrlabl>
        <attrdef>Name that was given to each study location</attrdef>
        <attrdefs>Producer defined</attrdefs>
        <attrdomv>
          <edom>
            <edomv>Upper</edomv>
            <edomvd>Healthy tidal freshwater forested wetland sites (salinity, 0.1 psu)</edomvd>
            <edomvds>Producer defined</edomvds>
          </edom>
        </attrdomv>
        <attrdomv>
          <edom>
            <edomv>Middle</edomv>
            <edomvd>Moderately salinity stressed forested wetland sites (salinity, 1.2-1.4 psu)</edomvd>
            <edomvds>Producer defined</edomvds>
          </edom>
        </attrdomv>
        <attrdomv>
          <edom>
            <edomv>Lower</edomv>
            <edomvd>Heavily salinity stressed forested wetland sites (salinity, 2.4-4.3 psu)</edomvd>
            <edomvds>Producer defined</edomvds>
          </edom>
        </attrdomv>
        <attrdomv>
          <edom>
            <edomv>Marsh</edomv>
            <edomvd>Oligohaline marsh sites (salinity, 3.1-4.9 psu)</edomvd>
            <edomvds>Producer defined</edomvds>
          </edom>
        </attrdomv>
      </attr>
      <attr>
        <attrlabl>Location</attrlabl>
        <attrdef>Distributed location designation for individual cores (Location 1-5 corresponds to Paired Plot 1; Location 6-10 corresponds to Paired Plot 2)</attrdef>
        <attrdefs>Producer defined</attrdefs>
        <attrdomv>
          <rdom>
            <rdommin>1</rdommin>
            <rdommax>10</rdommax>
          </rdom>
        </attrdomv>
      </attr>
      <attr>
        <attrlabl>TagNo</attrlabl>
        <attrdef>Aluminum forestry tag number affixed to root in-growth bag</attrdef>
        <attrdefs>Producer defined</attrdefs>
        <attrdomv>
          <rdom>
            <rdommin>101</rdommin>
            <rdommax>279</rdommax>
          </rdom>
        </attrdomv>
      </attr>
      <attr>
        <attrlabl>Depth</attrlabl>
        <attrdef>Soil depth from surface (U = 0 to 5 cm; M = 5 - 10 cm; B = 10 - 15 cm)</attrdef>
        <attrdefs>Producer defined</attrdefs>
        <attrdomv>
          <edom>
            <edomv>U</edomv>
            <edomvd>soil depth = 0-5 centimeters</edomvd>
            <edomvds>Producer defined</edomvds>
          </edom>
        </attrdomv>
        <attrdomv>
          <edom>
            <edomv>M</edomv>
            <edomvd>soil depth = 5-10 centimeters</edomvd>
            <edomvds>Producer defined</edomvds>
          </edom>
        </attrdomv>
        <attrdomv>
          <edom>
            <edomv>B</edomv>
            <edomvd>soil depth = 10-15 centimeters</edomvd>
            <edomvds>Producer defined</edomvds>
          </edom>
        </attrdomv>
      </attr>
      <attr>
        <attrlabl>Class</attrlabl>
        <attrdef>Root class (Lf = Live Fine roots &lt; 2 mm diameter; Lx = Live Coarse roots &gt; 2 mm diamater; D = Dead roots in all size classes)</attrdef>
        <attrdefs>Producer defined</attrdefs>
        <attrdomv>
          <edom>
            <edomv>Lf</edomv>
            <edomvd>Live Fine roots &lt; 2 mm diameter</edomvd>
            <edomvds>Producer defined</edomvds>
          </edom>
        </attrdomv>
        <attrdomv>
          <edom>
            <edomv>Lx</edomv>
            <edomvd>Live Coarse roots &gt; 2 mm diameter</edomvd>
            <edomvds>Producer defined</edomvds>
          </edom>
        </attrdomv>
        <attrdomv>
          <edom>
            <edomv>D</edomv>
            <edomvd>Dead roots in all size classes</edomvd>
            <edomvds>Producer defined</edomvds>
          </edom>
        </attrdomv>
      </attr>
      <attr>
        <attrlabl>RootProd</attrlabl>
        <attrdef>Root productivity (determined by all roots in those categories growing into a root-free bag over one year)</attrdef>
        <attrdefs>Producer defined</attrdefs>
        <attrdomv>
          <rdom>
            <rdommin>0</rdommin>
            <rdommax>3200</rdommax>
            <attrunit>grams per meter squared per year (g m2/yr)</attrunit>
          </rdom>
        </attrdomv>
        <attrdomv>
          <edom>
            <edomv>.</edomv>
            <edomvd>not available</edomvd>
            <edomvds>Producer defined</edomvds>
          </edom>
        </attrdomv>
      </attr>
    </detailed>
    <detailed>
      <enttyp>
        <enttypl>TFFW_Carbon_Budget_GHG.csv</enttypl>
        <enttypd>These data represent raw individual chamber-based values from Krauss and Whitbeck 2012 (Wetlands, v. 32, p. 73-81), which were used to determine soil C fluxes from Savannah River Upper, Middle, and Lower sites, and used to estimate soil C fluxes from Savannah River Marsh.</enttypd>
        <enttypds>Producer defined</enttypds>
      </enttyp>
      <attr>
        <attrlabl>Date</attrlabl>
        <attrdef>Month and year that data were collected.</attrdef>
        <attrdefs>Producer defined</attrdefs>
        <attrdomv>
          <rdom>
            <rdommin>Oct '05</rdommin>
            <rdommax>Dec '07</rdommax>
            <attrunit>Month (MMM) and Year (YY)</attrunit>
          </rdom>
        </attrdomv>
      </attr>
      <attr>
        <attrlabl>River</attrlabl>
        <attrdef>River designation</attrdef>
        <attrdefs>Producer defined</attrdefs>
        <attrdomv>
          <edom>
            <edomv>Savannah</edomv>
            <edomvd>Savannah River only. No raw greenhouse gas flux data were collected along the Waccamaw River.</edomvd>
            <edomvds>Producer defined</edomvds>
          </edom>
        </attrdomv>
      </attr>
      <attr>
        <attrlabl>Site</attrlabl>
        <attrdef>Name that was given to each study location. No raw flux data were collected from Savannah Marsh.</attrdef>
        <attrdefs>Producer defined</attrdefs>
        <attrdomv>
          <edom>
            <edomv>Upper</edomv>
            <edomvd>Healthy tidal freshwater forested wetland sites (salinity, 0.1 psu)</edomvd>
            <edomvds>Producer defined</edomvds>
          </edom>
        </attrdomv>
        <attrdomv>
          <edom>
            <edomv>Middle</edomv>
            <edomvd>Moderately salinity stressed forested wetland sites (salinity, 1.2-1.4 psu)</edomvd>
            <edomvds>Producer defined</edomvds>
          </edom>
        </attrdomv>
        <attrdomv>
          <edom>
            <edomv>Lower</edomv>
            <edomvd>Heavily salinity stressed forested wetland sites (salinity, 2.4-4.3 psu)</edomvd>
            <edomvds>Producer defined</edomvds>
          </edom>
        </attrdomv>
      </attr>
      <attr>
        <attrlabl>Chamber</attrlabl>
        <attrdef>Number of the individual static flux chamber on each site. Each site had six chambers, each with an area of 864 sq. cm.</attrdef>
        <attrdefs>Producer defined</attrdefs>
        <attrdomv>
          <rdom>
            <rdommin>1</rdommin>
            <rdommax>6</rdommax>
          </rdom>
        </attrdomv>
      </attr>
      <attr>
        <attrlabl>CH4_Conc</attrlabl>
        <attrdef>Increase in methane concentrations in chamber per unit time</attrdef>
        <attrdefs>Producer defined</attrdefs>
        <attrdomv>
          <rdom>
            <rdommin>-5.05</rdommin>
            <rdommax>1666.59</rdommax>
            <attrunit>ppm/hour</attrunit>
          </rdom>
        </attrdomv>
      </attr>
      <attr>
        <attrlabl>CO2_Conc</attrlabl>
        <attrdef>Increase in carbon dioxide concentrations in chamber per unit time</attrdef>
        <attrdefs>Producer defined</attrdefs>
        <attrdomv>
          <rdom>
            <rdommin>-1662.30</rdommin>
            <rdommax>6662.88</rdommax>
            <attrunit>ppm/hour</attrunit>
          </rdom>
        </attrdomv>
      </attr>
      <attr>
        <attrlabl>CH4-C_Flux</attrlabl>
        <attrdef>Elemental flux rate of carbon from methane per unit time</attrdef>
        <attrdefs>Producer defined</attrdefs>
        <attrdomv>
          <rdom>
            <rdommin>-0.01</rdommin>
            <rdommax>0.43</rdommax>
            <attrunit>g C/m2/hour</attrunit>
          </rdom>
        </attrdomv>
      </attr>
      <attr>
        <attrlabl>CO2-C_Flux</attrlabl>
        <attrdef>Elemental flux rate of carbon from carbon dioxide per unit time</attrdef>
        <attrdefs>Producer defined</attrdefs>
        <attrdomv>
          <rdom>
            <rdommin>-0.42</rdommin>
            <rdommax>1.78</rdommax>
            <attrunit>g C/m2/hour</attrunit>
          </rdom>
        </attrdomv>
      </attr>
    </detailed>
    <detailed>
      <enttyp>
        <enttypl>TFFW_Radiocarbon.csv</enttypl>
        <enttypd>radiocarbon dates</enttypd>
        <enttypds>Producer defined</enttypds>
      </enttyp>
      <attr>
        <attrlabl>River</attrlabl>
        <attrdef>River designation</attrdef>
        <attrdefs>Producer defined</attrdefs>
        <attrdomv>
          <edom>
            <edomv>Waccamaw</edomv>
            <edomvd>Waccamaw River study sites</edomvd>
            <edomvds>Producer defined</edomvds>
          </edom>
        </attrdomv>
        <attrdomv>
          <edom>
            <edomv>Savannah</edomv>
            <edomvd>Savannah River study sites</edomvd>
            <edomvds>Producer defined</edomvds>
          </edom>
        </attrdomv>
      </attr>
      <attr>
        <attrlabl>Core ID</attrlabl>
        <attrdef>soil core identification number</attrdef>
        <attrdefs>Producer defined</attrdefs>
        <attrdomv>
          <udom>Unique numeric identifier of core sample</udom>
        </attrdomv>
      </attr>
      <attr>
        <attrlabl>Depth (cm)</attrlabl>
        <attrdef>Soil depth of core sample in centimeters</attrdef>
        <attrdefs>Producer defined</attrdefs>
        <attrdomv>
          <udom>unique identifier of 1-cm depth soil samples collected at various depth intervals</udom>
        </attrdomv>
      </attr>
      <attr>
        <attrlabl>Lab ID</attrlabl>
        <attrdef>Identification number of lab sample</attrdef>
        <attrdefs>Producer defined</attrdefs>
        <attrdomv>
          <udom>Unique text and numeric identifier of lab sample</udom>
        </attrdomv>
      </attr>
      <attr>
        <attrlabl>Material Dated</attrlabl>
        <attrdef>Type of material carbon dated</attrdef>
        <attrdefs>Producer defined</attrdefs>
        <attrdomv>
          <edom>
            <edomv>seeds</edomv>
            <edomvd>seed material in soil sample</edomvd>
            <edomvds>Producer defined</edomvds>
          </edom>
        </attrdomv>
        <attrdomv>
          <edom>
            <edomv>Bulk organic, picked free of roots</edomv>
            <edomvd>soil picked free of roots</edomvd>
            <edomvds>Producer defined</edomvds>
          </edom>
        </attrdomv>
      </attr>
      <attr>
        <attrlabl>14C Age</attrlabl>
        <attrdef>uncalibrated radiocarbon ages</attrdef>
        <attrdefs>Producer defined</attrdefs>
        <attrdomv>
          <rdom>
            <rdommin>30</rdommin>
            <rdommax>5060</rdommax>
            <attrunit>uncalibrated radiocarbon years</attrunit>
          </rdom>
        </attrdomv>
        <attrdomv>
          <edom>
            <edomv>&gt;Modern</edomv>
            <edomvd>radiocarbon concentration in sample is greater than atmospheric concentration in 1950</edomvd>
            <edomvds>Producer-defined</edomvds>
          </edom>
        </attrdomv>
      </attr>
      <attr>
        <attrlabl>SE</attrlabl>
        <attrdef>+/- standared error</attrdef>
        <attrdefs>Producer defined</attrdefs>
        <attrdomv>
          <rdom>
            <rdommin>0</rdommin>
            <rdommax>30</rdommax>
          </rdom>
        </attrdomv>
      </attr>
    </detailed>
    <detailed>
      <enttyp>
        <enttypl>TFFW_soil_core_data.csv</enttypl>
        <enttypd>soil bulk density and loss on ignition (LOI) data</enttypd>
        <enttypds>Producer defined</enttypds>
      </enttyp>
      <attr>
        <attrlabl>River</attrlabl>
        <attrdef>river designation</attrdef>
        <attrdefs>Producer defined</attrdefs>
        <attrdomv>
          <edom>
            <edomv>Waccamaw</edomv>
            <edomvd>Waccamaw River study sites</edomvd>
            <edomvds>Producer defined</edomvds>
          </edom>
        </attrdomv>
        <attrdomv>
          <edom>
            <edomv>Savannah</edomv>
            <edomvd>Savannah River study sites</edomvd>
            <edomvds>Producer defined</edomvds>
          </edom>
        </attrdomv>
      </attr>
      <attr>
        <attrlabl>Core ID</attrlabl>
        <attrdef>soil core identification number</attrdef>
        <attrdefs>Producer defined</attrdefs>
        <attrdomv>
          <udom>Unique numeric identifier of core sample</udom>
        </attrdomv>
      </attr>
      <attr>
        <attrlabl>Depth (cm)</attrlabl>
        <attrdef>Soil depth of core sample in centimeters</attrdef>
        <attrdefs>Producer defined</attrdefs>
        <attrdomv>
          <rdom>
            <rdommin>0</rdommin>
            <rdommax>350</rdommax>
            <attrunit>centimeters (cm)</attrunit>
          </rdom>
        </attrdomv>
      </attr>
      <attr>
        <attrlabl>LOI (%)</attrlabl>
        <attrdef>soil organic matter content determined by percent loss-on-ignition (LOI) at 550 degrees C</attrdef>
        <attrdefs>Producer defined</attrdefs>
        <attrdomv>
          <rdom>
            <rdommin>0</rdommin>
            <rdommax>100</rdommax>
            <attrunit>percent (%)</attrunit>
          </rdom>
        </attrdomv>
      </attr>
      <attr>
        <attrlabl>Dry bulk density (g/cc)</attrlabl>
        <attrdef>dry soil bulk density</attrdef>
        <attrdefs>Producer defined</attrdefs>
        <attrdomv>
          <rdom>
            <rdommin>0.03</rdommin>
            <rdommax>2.15</rdommax>
            <attrunit>grams per cubic centimeter (g/cc)</attrunit>
          </rdom>
        </attrdomv>
      </attr>
      <attr>
        <attrlabl>Compression (%)</attrlabl>
        <attrdef>measure of soil compression resulting from collecting soil core</attrdef>
        <attrdefs>Producer defined</attrdefs>
        <attrdomv>
          <rdom>
            <rdommin>0</rdommin>
            <rdommax>100</rdommax>
            <attrunit>percent (%)</attrunit>
          </rdom>
        </attrdomv>
        <attrdomv>
          <edom>
            <edomv>na</edomv>
            <edomvd>soil compression was not measured. At Savannah sites, corer used did not cause compression. At Waccamaw, unable to collect 1 measurement due to hole collapse.</edomvd>
            <edomvds>Producer defined</edomvds>
          </edom>
        </attrdomv>
      </attr>
    </detailed>
    <detailed>
      <enttyp>
        <enttypl>TFFW_elemental_carbon.csv</enttypl>
        <enttypd>% carbon (C) derived from an elemental analyzer from Waccamaw cores</enttypd>
        <enttypds>Producer defined</enttypds>
      </enttyp>
      <attr>
        <attrlabl>Core</attrlabl>
        <attrdef>soil core identifier</attrdef>
        <attrdefs>Producer defined</attrdefs>
        <attrdomv>
          <edom>
            <edomv>W2</edomv>
            <edomvd>soil core identifier</edomvd>
            <edomvds>Producer defined</edomvds>
          </edom>
        </attrdomv>
      </attr>
      <attr>
        <attrlabl>Depth_cm</attrlabl>
        <attrdef>1-centimeter soil depth increments</attrdef>
        <attrdefs>Producer defined</attrdefs>
        <attrdomv>
          <rdom>
            <rdommin>0-1</rdommin>
            <rdommax>19-20</rdommax>
            <attrunit>centimeters (cm)</attrunit>
          </rdom>
        </attrdomv>
      </attr>
      <attr>
        <attrlabl>Total Pb-210 activity (dpm/g)</attrlabl>
        <attrdef>radioactive decay of Lead-210 (Pb-210)</attrdef>
        <attrdefs>Producer defined</attrdefs>
        <attrdomv>
          <rdom>
            <rdommin>1.79</rdommin>
            <rdommax>7.12</rdommax>
            <attrunit>Disintegrations per minute per gram (dpm/g)</attrunit>
          </rdom>
        </attrdomv>
      </attr>
      <attr>
        <attrlabl>%Carbon</attrlabl>
        <attrdef>percent carbon in soil sample as determined by elemental analyzer</attrdef>
        <attrdefs>Producer defined</attrdefs>
        <attrdomv>
          <rdom>
            <rdommin>7.75</rdommin>
            <rdommax>34.8</rdommax>
            <attrunit>percent (%)</attrunit>
          </rdom>
        </attrdomv>
      </attr>
      <attr>
        <attrlabl>%LOI</attrlabl>
        <attrdef>percent loss-on-ignition (LOI) of organic matter in soil at 550 degrees Celcius</attrdef>
        <attrdefs>Producer defined</attrdefs>
        <attrdomv>
          <rdom>
            <rdommin>24.4</rdommin>
            <rdommax>74.3</rdommax>
            <attrunit>percent (%)</attrunit>
          </rdom>
        </attrdomv>
      </attr>
    </detailed>
  </eainfo>
  <distinfo>
    <distrib>
      <cntinfo>
        <cntperp>
          <cntper>Science Base</cntper>
          <cntorg>U.S. Geological Survey</cntorg>
        </cntperp>
        <cntaddr>
          <addrtype>mailing and physical</addrtype>
          <address>Denver Federal Center-Building 810, Mail Stop 302</address>
          <city>Denver</city>
          <state>CO</state>
          <postal>80225</postal>
          <country>USA</country>
        </cntaddr>
        <cntvoice>1-888-ASK-USGS</cntvoice>
        <cntemail>sciencebase@usgs.gov</cntemail>
      </cntinfo>
    </distrib>
    <distliab>Although these data have been processed successfully on a computer system at the U.S. Geological Survey (USGS), no warranty expressed or implied is made regarding the display or utility of the data on any other system or for general or scientific purposes, nor shall the act of distribution constitute any such warranty. The USGS or the U.S. Government shall not be held liable for improper or incorrect use of the data described and/or contained herein.</distliab>
  </distinfo>
  <metainfo>
    <metd>20171128</metd>
    <metc>
      <cntinfo>
        <cntperp>
          <cntper>Michael J Baldwin</cntper>
          <cntorg>Southeast Region</cntorg>
        </cntperp>
        <cntaddr>
          <addrtype>mailing and physical</addrtype>
          <address>700 Cajundome Blvd</address>
          <city>Lafayette</city>
          <state>LA</state>
          <postal>70506</postal>
          <country>United States</country>
        </cntaddr>
        <cntvoice>337-266-8500</cntvoice>
        <cntemail>baldwinm@usgs.gov</cntemail>
      </cntinfo>
    </metc>
    <metstdn>FGDC Biological Data Profile of the Content Standard for Digital Geospatial Metadata</metstdn>
    <metstdv>FGDC-STD-001.1-1999</metstdv>
  </metainfo>
</metadata>