class_2006,abbrev_2006,class_2010,abbrev_2010,class,abbrev,median_total_tonnesCO2perMappedPixel,lower_total_tonnesCO2perMappedPixel,upper_total_tonnesCO2perMappedPixel,uncertainty_total_tonnesCO2perMappedPixel,median_soil_tonnesCO2perMappedPixel,lower_soil_tonnesCO2perMappedPixel,upper_soil_tonnesCO2perMappedPixel,uncertainty_soil_tonnesCO2perMappedPixel,median_biomass_tonnesCO2perMappedPixel,lower_biomass_tonnesCO2perMappedPixel,upper_biomass_tonnesCO2perMappedPixel,uncertainty_biomass_tonnesCO2perMappedPixel,median_methane_tonnesCO2perMappedPixel,lower_methane_tonnesCO2perMappedPixel,upper_methane_tonnesCO2perMappedPixel,uncertainty_methane_tonnesCO2perMappedPixel
Bare Land,BAR,Estuarine Emergent Wetland,EEM,Bare Land to Estuarine Emergent Wetland,BAR_EEM,1.0245157494342454,0.39384566725399883,1.6488101972564553,1.2549645300024563,1.1909577957704582,0.9858494646079459,1.4181650349470618,0.43231557033911594,0.6926302535155037,0.6191527351731512,0.7646209069097422,0.145468171736591,-0.8593349076378582,-1.4352847384407859,-0.28181538524323935,1.1534693531975466
Bare Land,BAR,Estuarine Forested Wetland,EFW,Bare Land to Estuarine Forested Wetland,BAR_EFW,45.93445813480572,37.305986146615126,55.96660382025654,18.66061767364141,1.159834993223209,0.9462112228246182,1.4034928546941159,0.45728163186949766,45.60532067643712,36.8755986861753,55.42892898923757,18.553330303062268,-0.838828571507767,-1.4008272690850159,-0.2854928510994229,1.115334417985593
Bare Land,BAR,Estuarine Scrub/Shrub Wetland,ESS,Bare Land to Estuarine Scrub/Shrub Wetland,BAR_ESS,3.9561585735852285,1.7982700834659096,8.358777926964283,6.560507843498374,0.994422184354655,0.7301411792698468,1.4368119063220097,0.7066707270521629,3.698052881182883,1.6611562659414214,7.758946978494144,6.097790712552722,-0.7181421298707932,-1.3437785406643812,-0.22214288214399258,1.1216356585203886
Bare Land,BAR,Palustrine Emergent Wetland,PEM,Bare Land to Palustrine Emergent Wetland,BAR_PEM,0.615316364068222,-1.0400544034713919,1.498250865814598,2.53830526928599,1.3932369996216516,1.1677407879280473,1.6810458160588577,0.5133050281308105,0.8109422728880818,0.7230371850639695,0.9080202004365684,0.18498301537259887,-1.6036332830642417,-3.2999079542632592,-0.7674426354335271,2.532465318829732
Bare Land,BAR,Palustrine Forested Wetland,PFW,Bare Land to Palustrine Forested Wetland,BAR_PFW,47.015345375597576,39.00952454133266,56.74811923722582,17.738594695893163,1.211166754917334,1.0258034988018931,1.4356116760601263,0.40980817725823315,47.20451787809548,39.282665695829316,56.84936241086407,17.56669671503475,-1.3919694347466423,-2.813135338113326,-0.6598401951673977,2.1532951429459284
Bare Land,BAR,Palustrine Scrub/Shrub Wetland,PSS,Bare Land to Palustrine Scrub/Shrub Wetland,BAR_PSS,4.367067764911917,1.5467108598814325,9.314793950979793,7.76808309109836,1.2598496860364279,1.051732473672403,1.5275005090254064,0.4757680353530034,4.577911452052698,2.2758804324508564,9.291318493519848,7.015438061068991,-1.4428991451387665,-2.9402562895957574,-0.6755388289559454,2.2647174606398117
Cultivated,CULT,Estuarine Emergent Wetland,EEM,Cultivated to Estuarine Emergent Wetland,CULT_EEM,0.3306447881305148,-0.2883394572190844,0.9399745841634856,1.22831404138257,1.1909577957704554,0.9858494646079473,1.4181650349470607,0.4323155703391134,0,0,0,0,-0.8593349076378568,-1.4352847384407883,-0.28181538524323985,1.1534693531975484
Cultivated,CULT,Estuarine Forested Wetland,EFW,Cultivated to Estuarine Forested Wetland,CULT_EFW,45.26164187002601,36.70657159438764,55.189443319617986,18.482871725230346,1.159834993223208,0.9462112228246216,1.4034928546941134,0.4572816318694919,44.93532815371493,36.27764915614264,54.69872666784238,18.421077511699743,-0.8388285715077672,-1.400827269085015,-0.28549285109942335,1.1153344179855917
Cultivated,CULT,Estuarine Scrub/Shrub Wetland,ESS,Cultivated to Estuarine Scrub/Shrub Wetland,CULT_ESS,3.378607277157527,1.2926727479204347,7.397580982676782,6.104908234756348,0.9944221843546557,0.7301411792698473,1.436811906322014,0.7066707270521666,3.0992175741031165,1.140698033140708,7.076245935243433,5.935547902102725,-0.7181421298707948,-1.3437785406643763,-0.2221428821439935,1.1216356585203828
Cultivated,CULT,Palustrine Emergent Wetland,PEM,Cultivated to Palustrine Emergent Wetland,CULT_PEM,-0.1841342837944681,-1.8872633711581346,0.6857130828908345,2.5729764540489692,1.3932369996216494,1.1677407879280486,1.6810458160588595,0.5133050281308109,0,0,0,0,-1.6036332830642381,-3.2999079542632592,-0.7674426354335266,2.5324653188297326
Cultivated,CULT,Palustrine Forested Wetland,PFW,Cultivated to Palustrine Forested Wetland,CULT_PFW,46.30483496844751,38.31491406509765,56.03359598593408,17.718681920836424,1.2111667549173366,1.025803498801895,1.435611676060122,0.40980817725822716,46.50899785207649,38.570354270664346,56.15757516696596,17.587220896301616,-1.391969434746646,-2.8131353381133386,-0.6598401951673958,2.153295142945943
Cultivated,CULT,Palustrine Scrub/Shrub Wetland,PSS,Cultivated to Palustrine Scrub/Shrub Wetland,CULT_PSS,3.665067652927623,0.8446815032794722,8.557946717405049,7.713265214125577,1.259849686036426,1.0517324736724019,1.5275005090254081,0.47576803535300627,3.867615746800881,1.5348584117066453,8.531930883033153,6.997072471326508,-1.4428991451387652,-2.94025628959576,-0.6755388289559465,2.2647174606398135
Deciduous Forest,DEC,Estuarine Emergent Wetland,EEM,Deciduous Forest to Estuarine Emergent Wetland,DEC_EEM,-45.53074897531472,-55.02471787554124,-37.19731298414289,17.827404891398352,1.1909577957704554,0.9858494646079451,1.4181650349470638,0.4323155703391187,-45.77892100587816,-55.557644459652565,-37.86764712392289,17.68999733572967,-0.8593349076378569,-1.4352847384407874,-0.2818153852432398,1.1534693531975475
Deciduous Forest,DEC,Estuarine Forested Wetland,EFW,Deciduous Forest to Estuarine Forested Wetland,DEC_EFW,NA,NA,NA,NA,NA,NA,NA,NA,NA,NA,NA,NA,NA,NA,NA,NA
Deciduous Forest,DEC,Estuarine Scrub/Shrub Wetland,ESS,Deciduous Forest to Estuarine Scrub/Shrub Wetland,DEC_ESS,NA,NA,NA,NA,NA,NA,NA,NA,NA,NA,NA,NA,NA,NA,NA,NA
Deciduous Forest,DEC,Palustrine Emergent Wetland,PEM,Deciduous Forest to Palustrine Emergent Wetland,DEC_PEM,-54.01734252447534,-66.50142024217647,-43.85840582998174,22.643014412194724,1.393236999621652,1.1677407879280473,1.6810458160588546,0.5133050281308074,-53.77966218758532,-66.14399779427636,-43.79684612579442,22.347151668481942,-1.603633283064239,-3.2999079542632437,-0.767442635433524,2.5324653188297197
Deciduous Forest,DEC,Palustrine Forested Wetland,PFW,Deciduous Forest to Palustrine Forested Wetland,DEC_PFW,-0.16246093107804754,-1.5973440219106827,0.5831775858007924,2.180521607711475,1.211166754917339,1.0258034988018945,1.4356116760601247,0.40980817725823027,0,0,0,0,-1.3919694347466447,-2.81313533811334,-0.659840195167397,2.153295142945943
Deciduous Forest,DEC,Palustrine Scrub/Shrub Wetland,PSS,Deciduous Forest to Palustrine Scrub/Shrub Wetland,DEC_PSS,-44.71235607641515,-55.0888220390236,-35.26529701494188,19.823525024081718,1.259849686036427,1.0517324736724025,1.527500509025405,0.4757680353530025,-44.42466778699023,-54.4807242963229,-35.298119894601086,19.18260440172181,-1.4428991451387672,-2.9402562895957574,-0.6755388289559449,2.2647174606398126
Developed Open Space,OSD,Estuarine Emergent Wetland,EEM,Developed Open Space to Estuarine Emergent Wetland,OSD_EEM,1.0245157494342423,0.39384566725399933,1.6488101972564593,1.2549645300024599,1.1909577957704554,0.9858494646079471,1.4181650349470627,0.4323155703391156,0.6926302535155031,0.6191527351731531,0.7646209069097403,0.14546817173658722,-0.8593349076378567,-1.435284738440788,-0.2818153852432404,1.1534693531975477
Developed Open Space,OSD,Estuarine Forested Wetland,EFW,Developed Open Space to Estuarine Forested Wetland,OSD_EFW,45.934458134805695,37.305986146615176,55.96660382025644,18.660617673641262,1.1598349932232095,0.9462112228246189,1.4034928546941132,0.45728163186949433,45.60532067643716,36.87559868617531,55.42892898923747,18.55333030306216,-0.838828571507768,-1.4008272690850172,-0.2854928510994229,1.1153344179855944
Developed Open Space,OSD,Estuarine Scrub/Shrub Wetland,ESS,Developed Open Space to Estuarine Scrub/Shrub Wetland,OSD_ESS,3.9561585735852294,1.7982700834659067,8.358777926964272,6.560507843498366,0.9944221843546539,0.730141179269847,1.4368119063220148,0.7066707270521678,3.6980528811828832,1.6611562659414227,7.758946978494155,6.097790712552732,-0.7181421298707926,-1.3437785406643763,-0.22214288214399266,1.1216356585203837
Developed Open Space,OSD,Palustrine Emergent Wetland,PEM,Developed Open Space to Palustrine Emergent Wetland,OSD_PEM,0.6153163640682224,-1.0400544034713894,1.4982508658145979,2.5383052692859875,1.3932369996216514,1.1677407879280481,1.6810458160588606,0.5133050281308125,0.8109422728880807,0.7230371850639724,0.9080202004365671,0.18498301537259465,-1.603633283064239,-3.2999079542632574,-0.7674426354335243,2.532465318829733
Developed Open Space,OSD,Palustrine Forested Wetland,PFW,Developed Open Space to Palustrine Forested Wetland,OSD_PFW,47.01534537559755,39.00952454133271,56.748119237226106,17.738594695893397,1.2111667549173362,1.0258034988018947,1.435611676060121,0.40980817725822627,47.20451787809536,39.28266569582923,56.849362410864295,17.566696715035064,-1.391969434746646,-2.813135338113336,-0.6598401951673937,2.153295142945942
Developed Open Space,OSD,Palustrine Scrub/Shrub Wetland,PSS,Developed Open Space to Palustrine Scrub/Shrub Wetland,OSD_PSS,4.367067764911926,1.5467108598814276,9.314793950979805,7.768083091098378,1.2598496860364277,1.0517324736724025,1.5275005090254077,0.47576803535300516,4.577911452052699,2.275880432450856,9.291318493519839,7.015438061068982,-1.4428991451387665,-2.9402562895957622,-0.6755388289559443,2.264717460639818
Estuarine Aquatic Bed,EAB,Estuarine Emergent Wetland,EEM,Estuarine Aquatic Bed to Estuarine Emergent Wetland,EAB_EEM,1.024515749434242,0.39384566725399917,1.6488101972564584,1.2549645300024592,1.1909577957704558,0.9858494646079458,1.4181650349470625,0.4323155703391167,0.6926302535155033,0.6191527351731535,0.76462090690974,0.14546817173658655,-0.8593349076378576,-1.4352847384407874,-0.2818153852432401,1.1534693531975473
Estuarine Aquatic Bed,EAB,Estuarine Forested Wetland,EFW,Estuarine Aquatic Bed to Estuarine Forested Wetland,EAB_EFW,NA,NA,NA,NA,NA,NA,NA,NA,NA,NA,NA,NA,NA,NA,NA,NA
Estuarine Aquatic Bed,EAB,Estuarine Scrub/Shrub Wetland,ESS,Estuarine Aquatic Bed to Estuarine Scrub/Shrub Wetland,EAB_ESS,3.9561585735852307,1.7982700834659098,8.358777926964265,6.560507843498355,0.9944221843546547,0.7301411792698469,1.4368119063220148,0.7066707270521679,3.698052881182883,1.6611562659414214,7.758946978494148,6.097790712552726,-0.7181421298707927,-1.343778540664378,-0.2221428821439928,1.1216356585203853
Estuarine Aquatic Bed,EAB,Palustrine Emergent Wetland,PEM,Estuarine Aquatic Bed to Palustrine Emergent Wetland,EAB_PEM,0.6153163640682233,-1.0400544034713946,1.4982508658145997,2.538305269285994,1.3932369996216503,1.1677407879280473,1.681045816058864,0.5133050281308167,0.8109422728880822,0.7230371850639714,0.9080202004365697,0.18498301537259831,-1.6036332830642386,-3.299907954263269,-0.7674426354335254,2.5324653188297437
Estuarine Aquatic Bed,EAB,Palustrine Forested Wetland,PFW,Estuarine Aquatic Bed to Palustrine Forested Wetland,EAB_PFW,NA,NA,NA,NA,NA,NA,NA,NA,NA,NA,NA,NA,NA,NA,NA,NA
Estuarine Aquatic Bed,EAB,Palustrine Scrub/Shrub Wetland,PSS,Estuarine Aquatic Bed to Palustrine Scrub/Shrub Wetland,EAB_PSS,NA,NA,NA,NA,NA,NA,NA,NA,NA,NA,NA,NA,NA,NA,NA,NA
Estuarine Emergent Wetland,EEM,Bare Land,BAR,Estuarine Emergent Wetland to Bare Land,EEM_BAR,-0.5095202270084193,-1.4296045572857365,0.3601436938546043,1.7897482511403409,1.724103557333486,1.402343022030198,2.108908383596608,0.7065653615664098,-1.001338895412398,-1.1480368701199108,-0.8680202896023461,0.28001658051756473,-1.243485098740103,-2.118718358877434,-0.3873388866038908,1.731379472273543
Estuarine Emergent Wetland,EEM,Cultivated,CULT,Estuarine Emergent Wetland to Cultivated,EEM_CULT,-71.39751969424677,-118.3286607261027,-37.82304298723426,80.50561773886844,-70.4852387626025,-117.16837688999256,-37.44335293797206,79.7250239520205,0,0,0,0,-0.8263479207842401,-1.3884790448584365,-0.2793867737602802,1.1090922710981563
Estuarine Emergent Wetland,EEM,Deciduous Forest,DEC,Estuarine Emergent Wetland to Deciduous Forest,EEM_DEC,46.40269315643089,38.69284382455238,55.8713203529682,17.17847652841582,1.1962586541311373,1.0160725447024506,1.419200247063993,0.4031277023615425,46.073891772818456,38.25206503432475,55.46868123152442,17.21661619719967,-0.8598583312276162,-1.4415215673173465,-0.2865834245055274,1.154938142811819
Estuarine Emergent Wetland,EEM,Developed Open Space,OSD,Estuarine Emergent Wetland to Developed Open Space,EEM_OSD,-112.77292487699167,-188.97652007869863,-59.19975221726003,129.7767678614386,-110.62596953688508,-186.61597106907698,-57.00099864042908,129.6149724286479,-1.0400317751052264,-1.1709634459969926,-0.9201895405581085,0.2507739054388841,-1.2835119833669277,-2.176673531178266,-0.4342054296482705,1.7424681015299954
Estuarine Emergent Wetland,EEM,Estuarine Aquatic Bed,EAB,Estuarine Emergent Wetland to Estuarine Aquatic Bed,EEM_EAB,-86.02584360298714,-170.82901363650683,-40.66485796958418,130.16415566692265,-84.23171157303847,-168.81299199253775,-39.23094423616773,129.58204775637,-0.8117325390281371,-1.2339486227639924,-0.6017644386561063,0.6321841841078861,-0.9815601327635192,-1.9966396049100141,-0.2965948647005395,1.7000447402094747
Estuarine Emergent Wetland,EEM,Estuarine Emergent Wetland,EEM,Estuarine Emergent Wetland to Estuarine Emergent Wetland,EEM_EEM,0.48874828745136667,-0.4197212211724161,1.3993290388323152,1.8190502600047314,1.757412597422455,1.5257274814439723,2.058343737973012,0.5326162565290395,0,0,0,0,-1.27665972413702,-2.10912746709537,-0.41607764969394573,1.6930498174014241
Estuarine Emergent Wetland,EEM,Estuarine Forested Wetland,EFW,Estuarine Emergent Wetland to Estuarine Forested Wetland,EEM_EFW,45.51813462988052,36.84103521327206,55.66056929917536,18.8195340859033,2.3196699864464247,1.8924224456492436,2.806985709388232,0.9145632637389887,44.93532815371502,36.27764915614266,54.69872666784205,18.421077511699394,-1.6776571430155358,-2.801654538170047,-0.5709857021988459,2.230668835971201
Estuarine Emergent Wetland,EEM,Estuarine Scrub/Shrub Wetland,ESS,Estuarine Emergent Wetland to Estuarine Scrub/Shrub Wetland,EEM_ESS,3.6088708858247656,1.3722181519774481,8.067157683184123,6.694939531206675,1.988844368709302,1.460282358539693,2.873623812644031,1.413341454104338,3.0992175741031156,1.140698033140714,7.076245935243406,5.935547902102693,-1.4362842597415857,-2.6875570813287677,-0.44428576428798644,2.243271317040781
Estuarine Emergent Wetland,EEM,Evergreen Forest,EVR,Estuarine Emergent Wetland to Evergreen Forest,EEM_EVR,48.520209375386585,40.34214910035046,58.217593090076235,17.875443989725774,1.25436310018352,1.057185674028949,1.492740573772117,0.4355548997431682,48.043752564423315,39.86912607352233,57.893177856978504,18.024051783456173,-0.8988491320240037,-1.5161389160550027,-0.2960336979469122,1.2201052181080905
Estuarine Emergent Wetland,EEM,Grassland,GRS,Estuarine Emergent Wetland to Grassland,EEM_GRS,0.3870559735532074,-0.33189465808643054,1.1060317503323376,1.4379264084187682,1.3990055884092707,1.178316608840547,1.6619794175140659,0.48366280867351885,0,0,0,0,-1.0124050898008872,-1.6703009229646522,-0.33214410524471677,1.3381568177199354
Estuarine Emergent Wetland,EEM,High Intensity Developed,HID,Estuarine Emergent Wetland to High Intensity Developed,EEM_HID,-91.51673269256611,-153.1656006697681,-48.56851907557925,104.59708159418886,-89.52901355961922,-151.07263584944363,-46.85186359538744,104.22077225405619,-0.8414485961511247,-0.9439694974985342,-0.7601444491969402,0.18382504830159396,-1.0530962118078855,-1.7648133120155776,-0.3525811176279575,1.4122321943876202
Estuarine Emergent Wetland,EEM,Low Intensity Developed,LID,Estuarine Emergent Wetland to Low Intensity Developed,EEM_LID,-67.82027599017619,-112.22084093507483,-35.92093221017571,76.29990872489913,-66.33667833922418,-110.87291596871363,-34.72680722086665,76.14610874784698,-0.6255051269582053,-0.6886088230309817,-0.567973468636157,0.12063535439482465,-0.7753885058285697,-1.3028969540114428,-0.2720029088096741,1.0308940452017687
Estuarine Emergent Wetland,EEM,Medium Intensity Developed,MID,Estuarine Emergent Wetland to Medium Intensity Developed,EEM_MID,-71.61751171277169,-119.04218687870852,-38.05809350059251,80.984093378116,-70.17558125359436,-117.5643360407727,-36.739198952109845,80.82513708866286,-0.6590079961703941,-0.7393775504899947,-0.60008508087568,0.13929246961431463,-0.8197757307881834,-1.3652962102347515,-0.2849435663413863,1.0803526438933653
Estuarine Emergent Wetland,EEM,Mixed Forest,MIX,Estuarine Emergent Wetland to Mixed Forest,EEM_MIX,51.20242790236195,42.38873941455231,62.02902561521454,19.64028620066223,1.3189169345702285,1.0997149314978412,1.567444694351255,0.46772976285341383,50.8148319005393,41.96766028326545,61.40604540213196,19.438385118866506,-0.9442784451547821,-1.594000072700709,-0.31114455248220363,1.2828555202185055
Estuarine Emergent Wetland,EEM,Palustrine Aquatic Bed,PAB,Estuarine Emergent Wetland to Palustrine Aquatic Bed,EEM_PAB,NA,NA,NA,NA,NA,NA,NA,NA,NA,NA,NA,NA,NA,NA,NA,NA
Estuarine Emergent Wetland,EEM,Palustrine Emergent Wetland,PEM,Estuarine Emergent Wetland to Palustrine Emergent Wetland,EEM_PEM,0.1317091373001552,-1.6153279782203942,1.3785967421716556,2.99392472039205,2.7864739992433005,2.335481575856097,3.3620916321177186,1.0266100562616214,0,0,0,0,-2.67671608071447,-4.433059196777218,-1.4443796316842428,2.988679565092975
Estuarine Emergent Wetland,EEM,Palustrine Forested Wetland,PFW,Estuarine Emergent Wetland to Palustrine Forested Wetland,EEM_PFW,46.64625518020541,38.768063133542164,56.4145432236963,17.646480090154135,2.4223335098346785,2.051606997603793,2.871223352120249,0.8196163545164561,46.508997852076504,38.570354270664424,56.15757516696578,17.587220896301353,-2.3114980127058766,-3.7955109099648068,-1.2954221841604554,2.5000887258043516
Estuarine Emergent Wetland,EEM,Palustrine Scrub/Shrub Wetland,PSS,Estuarine Emergent Wetland to Palustrine Scrub/Shrub Wetland,EEM_PSS,3.995077905010915,1.1597628095804202,8.829875829377855,7.6701130197974345,2.519699372072851,2.1034649473448113,3.0550010180508176,0.9515360707060063,3.867615746800876,1.5348584117066424,8.531930883033157,6.997072471326515,-2.3967435978765774,-4.045211514044455,-1.3435024779677354,2.7017090360767195
Estuarine Emergent Wetland,EEM,Pasture/Hay,PAST,Estuarine Emergent Wetland to Pasture/Hay,EEM_PAST,-65.21483968195392,-108.26385487455941,-34.529069049393854,73.73478582516556,-64.40253635351618,-107.65947577630014,-33.87491214648193,73.78456362981821,0,0,0,0,-0.7497492318487845,-1.260746227645257,-0.243683492332722,1.017062735312535
Estuarine Emergent Wetland,EEM,Scrub/Shrub,SS,Estuarine Emergent Wetland to Scrub/Shrub,EEM_SS,3.797490350515951,1.6118232518258286,8.031048035336529,6.4192247835107,1.1281196864054817,0.9535336176178084,1.3459251163067827,0.39239149868897427,3.4821653551579868,1.3984509547558281,7.646355563663001,6.247904608907174,-0.8170785559066094,-1.3816970512872158,-0.2709010535977229,1.1107959976894928
Estuarine Emergent Wetland,EEM,Snow/Ice,SNOW,Estuarine Emergent Wetland to Snow/Ice,EEM_SNOW,NA,NA,NA,NA,NA,NA,NA,NA,NA,NA,NA,NA,NA,NA,NA,NA
Estuarine Emergent Wetland,EEM,Unconsolidated Shore,UCS,Estuarine Emergent Wetland to Unconsolidated Shore,EEM_UCS,-72.87586551167631,-123.01466331692133,-37.89715613814328,85.11750717877806,-71.34612603518556,-121.59544144912569,-36.37385441377587,85.22158703534981,-0.6704770435133673,-0.7800181945628949,-0.5757067990739211,0.2043113954889738,-0.8256917195342357,-1.4237453561925049,-0.2711971896620716,1.1525481665304333
Estuarine Emergent Wetland,EEM,Water,OW,Estuarine Emergent Wetland to Water,EEM_OW,-75.91726832222264,-125.32470446601816,-40.76267934947535,84.56202511654281,-74.37098083636982,-123.81477409353971,-39.51969365789425,84.29508043564546,-0.700767565011532,-0.763187450128814,-0.6414299752420015,0.12175747488681243,-0.8688579034999554,-1.4509745145168993,-0.286120394482779,1.1648541200341203
Estuarine Forested Wetland,EFW,Bare Land,BAR,Estuarine Forested Wetland to Bare Land,EFW_BAR,-66.30858159291279,-82.98027789182818,-53.84610780844793,29.134170083380248,1.7241035573334873,1.4023430220301967,2.108908383596608,0.7065653615664111,-66.88470755639871,-83.33481312974928,-54.441315915771575,28.893497213977703,-1.243485098740102,-2.1187183588774374,-0.38733888660389065,1.7313794722735467
Estuarine Forested Wetland,EFW,Cultivated,CULT,Estuarine Forested Wetland to Cultivated,EFW_CULT,NA,NA,NA,NA,NA,NA,NA,NA,NA,NA,NA,NA,NA,NA,NA,NA
Estuarine Forested Wetland,EFW,Deciduous Forest,DEC,Estuarine Forested Wetland to Deciduous Forest,EFW_DEC,NA,NA,NA,NA,NA,NA,NA,NA,NA,NA,NA,NA,NA,NA,NA,NA
Estuarine Forested Wetland,EFW,Developed Open Space,OSD,Estuarine Forested Wetland to Developed Open Space,EFW_OSD,-183.21640678615552,-262.31682554658966,-124.7530897079879,137.56373583860176,-110.62596953688545,-186.61597106907695,-57.00099864042895,129.614972428648,-69.97959365424363,-86.44748825880991,-56.969562580177715,29.477925678632197,-1.2835119833669255,-2.176673531178271,-0.4342054296482716,1.7424681015299992
Estuarine Forested Wetland,EFW,Estuarine Aquatic Bed,EAB,Estuarine Forested Wetland to Estuarine Aquatic Bed,EFW_EAB,-140.10121765314426,-240.9901206714802,-81.67400859864502,159.3161120728352,-84.23171157303868,-168.81299199253738,-39.23094423616762,129.58204775636975,-53.20616432656934,-86.55769326357903,-37.770023462610986,48.78766980096804,-0.9815601327635219,-1.9966396049100077,-0.2965948647005389,1.7000447402094687
Estuarine Forested Wetland,EFW,Estuarine Emergent Wetland,EEM,Estuarine Forested Wetland to Estuarine Emergent Wetland,EFW_EEM,-45.19371538303564,-54.52669859408174,-36.806900083222345,17.7197985108594,2.381915591540915,1.9716989292158962,2.836330069894107,0.864631140678211,-45.77892100587807,-55.55764445965245,-37.86764712392298,17.689997335729473,-1.7186698152757116,-2.870569476881593,-0.5636307704864798,2.3069387063951132
Estuarine Forested Wetland,EFW,Estuarine Forested Wetland,EFW,Estuarine Forested Wetland to Estuarine Forested Wetland,EFW_EFW,0.48874828745136745,-0.4197212211724157,1.399329038832317,1.8190502600047327,1.7574125974224581,1.5257274814439723,2.05834373797301,0.5326162565290378,0,0,0,0,-1.2766597241370192,-2.1091274670953677,-0.41607764969394645,1.6930498174014212
Estuarine Forested Wetland,EFW,Estuarine Scrub/Shrub Wetland,ESS,Estuarine Forested Wetland to Estuarine Scrub/Shrub Wetland,EFW_ESS,-34.555140445885726,-49.53061688872333,-24.561757434031808,24.968859454691522,1.9888443687093011,1.4602823585396925,2.873623812644033,1.4133414541043408,-35.20760572842654,-49.756199996393526,-25.211158948695324,24.545041047698202,-1.4362842597415852,-2.6875570813287664,-0.44428576428798566,2.2432713170407808
Estuarine Forested Wetland,EFW,Evergreen Forest,EVR,Estuarine Forested Wetland to Evergreen Forest,EFW_EVR,0.3461456029444602,-0.29879252217446517,0.9992637493814966,1.2980562715559618,1.254363100183518,1.0571856740289514,1.4927405737721218,0.4355548997431704,0,0,0,0,-0.8988491320240029,-1.5161389160550012,-0.2960336979469116,1.2201052181080896
Estuarine Forested Wetland,EFW,Grassland,GRS,Estuarine Forested Wetland to Grassland,EFW_GRS,-53.2965166763303,-64.89528144978196,-44.10951193002467,20.785769519757295,1.3990055884092687,1.178316608840544,1.6619794175140692,0.4836628086735253,-53.67051353593689,-65.06896689618384,-44.460374601680485,20.608592294503353,-1.0124050898008887,-1.6703009229646595,-0.33214410524471566,1.3381568177199439
Estuarine Forested Wetland,EFW,High Intensity Developed,HID,Estuarine Forested Wetland to High Intensity Developed,EFW_HID,-147.74761669370235,-212.0063129821887,-101.73149201306299,110.2748209691257,-89.52901355961913,-151.07263584944408,-46.851863595387314,104.22077225405677,-56.67110327427224,-68.65605933864452,-46.766953473993205,21.88910586465132,-1.0530962118078864,-1.7648133120155782,-0.3525811176279571,1.412232194387621
Estuarine Forested Wetland,EFW,Low Intensity Developed,LID,Estuarine Forested Wetland to Low Intensity Developed,EFW_LID,-110.00145509309894,-157.13495760406866,-76.05115288843828,81.08380471563038,-66.33667833922419,-110.87291596871358,-34.72680722086664,76.14610874784694,-42.12113661503936,-50.65226660539112,-34.824029729916354,15.828236875474765,-0.7753885058285694,-1.3028969540114412,-0.2720029088096741,1.0308940452017672
Estuarine Forested Wetland,EFW,Medium Intensity Developed,MID,Estuarine Forested Wetland to Medium Intensity Developed,EFW_MID,-116.79634754599411,-164.17980369641364,-80.66667872451468,83.51312497189896,-70.17558125359434,-117.56433604077266,-36.73919895210991,80.82513708866276,-44.32359383145868,-53.98364750628952,-36.79256298193559,17.191084524353933,-0.8197757307881834,-1.3652962102347512,-0.2849435663413857,1.0803526438933655
Estuarine Forested Wetland,EFW,Mixed Forest,MIX,Estuarine Forested Wetland to Mixed Forest,EFW_MIX,NA,NA,NA,NA,NA,NA,NA,NA,NA,NA,NA,NA,NA,NA,NA,NA
Estuarine Forested Wetland,EFW,Palustrine Aquatic Bed,PAB,Estuarine Forested Wetland to Palustrine Aquatic Bed,EFW_PAB,NA,NA,NA,NA,NA,NA,NA,NA,NA,NA,NA,NA,NA,NA,NA,NA
Estuarine Forested Wetland,EFW,Palustrine Emergent Wetland,PEM,Estuarine Forested Wetland to Palustrine Emergent Wetland,EFW_PEM,-53.62117408758829,-66.14009816817281,-43.44733971552943,22.692758452643382,2.786473999243295,2.335481575856095,3.3620916321177186,1.0266100562616236,-53.779662187585416,-66.14399779427603,-43.796846125794495,22.347151668481537,-2.6767160807144768,-4.433059196777212,-1.444379631684243,2.988679565092969
Estuarine Forested Wetland,EFW,Palustrine Forested Wetland,PFW,Estuarine Forested Wetland to Palustrine Forested Wetland,EFW_PFW,NA,NA,NA,NA,NA,NA,NA,NA,NA,NA,NA,NA,NA,NA,NA,NA
Estuarine Forested Wetland,EFW,Palustrine Scrub/Shrub Wetland,PSS,Estuarine Forested Wetland to Palustrine Scrub/Shrub Wetland,EFW_PSS,-44.4048094373112,-54.88756962522887,-34.951839460462644,19.935730164766227,2.5196993720728553,2.1034649473448073,3.055001018050829,0.9515360707060219,-44.42466778699036,-54.480724296322876,-35.29811989460115,19.182604401721726,-2.3967435978765788,-4.045211514044449,-1.3435024779677343,2.7017090360767146
Estuarine Forested Wetland,EFW,Pasture/Hay,PAST,Estuarine Forested Wetland to Pasture/Hay,EFW_PAST,NA,NA,NA,NA,NA,NA,NA,NA,NA,NA,NA,NA,NA,NA,NA,NA
Estuarine Forested Wetland,EFW,Scrub/Shrub,SS,Estuarine Forested Wetland to Scrub/Shrub,EFW_SS,-39.62698481655707,-48.24156169686216,-31.48327834267686,16.758283354185302,1.1281196864054808,0.9535336176178101,1.3459251163067834,0.3923914986889733,-39.97539099866461,-48.62347531009533,-31.603574875362874,17.019900434732456,-0.8170785559066085,-1.3816970512872122,-0.2709010535977229,1.1107959976894892
Estuarine Forested Wetland,EFW,Snow/Ice,SNOW,Estuarine Forested Wetland to Snow/Ice,EFW_SNOW,NA,NA,NA,NA,NA,NA,NA,NA,NA,NA,NA,NA,NA,NA,NA,NA
Estuarine Forested Wetland,EFW,Unconsolidated Shore,UCS,Estuarine Forested Wetland to Unconsolidated Shore,EFW_UCS,-117.14963565728004,-171.6298824107796,-78.74429556324185,92.88558684753775,-71.34612603518559,-121.59544144912576,-36.37385441377584,85.22158703534993,-44.94240832445804,-56.47679817651105,-35.70963423904364,20.767163937467416,-0.8256917195342357,-1.423745356192506,-0.27119718966207185,1.1525481665304342
Estuarine Forested Wetland,EFW,Water,OW,Estuarine Forested Wetland to Water,EFW_OW,-122.7969097808253,-174.4572819810195,-85.47075246073997,88.98652952027952,-74.37098083636984,-123.81477409353968,-39.519693657894244,84.29508043564545,-46.95795369138046,-56.56535883521547,-39.1257521922254,17.43960664299007,-0.8688579034999553,-1.4509745145168982,-0.28612039448277893,1.1648541200341191
Estuarine Scrub/Shrub Wetland,ESS,Bare Land,BAR,Estuarine Scrub/Shrub Wetland to Bare Land,ESS_BAR,-5.833354258000342,-12.56431447354153,-2.5468331004072655,10.017481373134265,1.7241035573334873,1.4023430220302016,2.1089083835966074,0.7065653615664058,-6.271020323586642,-13.134802918939169,-3.0873941299955523,10.047408788943617,-1.2434850987401016,-2.118718358877434,-0.38733888660388965,1.7313794722735443
Estuarine Scrub/Shrub Wetland,ESS,Cultivated,CULT,Estuarine Scrub/Shrub Wetland to Cultivated,ESS_CULT,-75.39791716981074,-122.65358461689434,-41.13443606596064,81.51914855093369,-70.48523876260272,-117.16837688999284,-37.44335293797221,79.72502395202063,-3.4978888441703226,-7.734994223832237,-1.4062961772924931,6.328698046539744,-0.8263479207842412,-1.3884790448584414,-0.27938677376028004,1.1090922710981614
Estuarine Scrub/Shrub Wetland,ESS,Deciduous Forest,DEC,Estuarine Scrub/Shrub Wetland to Deciduous Forest,ESS_DEC,NA,NA,NA,NA,NA,NA,NA,NA,NA,NA,NA,NA,NA,NA,NA,NA
Estuarine Scrub/Shrub Wetland,ESS,Developed Open Space,OSD,Estuarine Scrub/Shrub Wetland to Developed Open Space,ESS_OSD,-119.57290934794757,-193.9940469812858,-65.18090476311481,128.81314221817098,-110.62596953688521,-186.6159710690764,-57.0009986404288,129.6149724286476,-6.558621693523879,-13.103334769229106,-3.246970003865682,9.856364765363423,-1.283511983366921,-2.1766735311782606,-0.43420542964827136,1.7424681015299892
Estuarine Scrub/Shrub Wetland,ESS,Estuarine Aquatic Bed,EAB,Estuarine Scrub/Shrub Wetland to Estuarine Aquatic Bed,ESS_EAB,-90.32861023341441,-176.3466577095406,-44.691377779354056,131.65527993018657,-84.23171157303837,-168.81299199253786,-39.23094423616771,129.58204775637014,-5.020301548663925,-11.960077861734133,-2.2483205041639573,9.711757357570175,-0.9815601327635197,-1.9966396049100124,-0.296594864700539,1.7000447402094734
Estuarine Scrub/Shrub Wetland,ESS,Estuarine Emergent Wetland,EEM,Estuarine Scrub/Shrub Wetland to Estuarine Emergent Wetland,ESS_EEM,-3.0496564511004354,-7.769815177295579,-0.494390314450221,7.275424862845358,2.3819155915409196,1.9716989292158915,2.836330069894123,0.8646311406782317,-3.631767866697899,-8.063786581834313,-1.449604028896201,6.614182552938112,-1.7186698152757098,-2.8705694768815926,-0.5636307704864805,2.306938706395112
Estuarine Scrub/Shrub Wetland,ESS,Estuarine Forested Wetland,EFW,Estuarine Scrub/Shrub Wetland to Estuarine Forested Wetland,ESS_EFW,41.7827536998728,32.79155147726879,51.80401547334753,19.012463996078743,2.319669986446418,1.8924224456492438,2.806985709388224,0.91456326373898,41.14357746270581,32.26447532995462,51.29183501178403,19.02735968182941,-1.677657143015538,-2.801654538170044,-0.5709857021988451,2.230668835971199
Estuarine Scrub/Shrub Wetland,ESS,Estuarine Scrub/Shrub Wetland,ESS,Estuarine Scrub/Shrub Wetland to Estuarine Scrub/Shrub Wetland,ESS_ESS,0.488748287451367,-0.41972122117241484,1.3993290388323165,1.8190502600047314,1.7574125974224617,1.525727481443972,2.0583437379730163,0.5326162565290442,0,0,0,0,-1.2766597241370161,-2.1091274670953735,-0.41607764969394573,1.6930498174014277
Estuarine Scrub/Shrub Wetland,ESS,Evergreen Forest,EVR,Estuarine Scrub/Shrub Wetland to Evergreen Forest,ESS_EVR,44.46474649387393,35.4648265725253,54.307956328824794,18.843129756299497,1.254363100183519,1.0571856740289483,1.4927405737721193,0.4355548997431711,44.17789998824004,35.16394397123938,54.0436164537825,18.87967248254312,-0.8988491320240022,-1.516138916055006,-0.2960336979469115,1.2201052181080945
Estuarine Scrub/Shrub Wetland,ESS,Grassland,GRS,Estuarine Scrub/Shrub Wetland to Grassland,ESS_GRS,-3.9161029154988523,-9.386881048866728,-1.2584985607220778,8.12838248814465,1.39900558840927,1.1783166088405481,1.6619794175140687,0.48366280867352063,-4.301690361919839,-9.560312537499938,-1.6923395530443321,7.867972984455605,-1.012405089800887,-1.6703009229646553,-0.33214410524471655,1.3381568177199388
Estuarine Scrub/Shrub Wetland,ESS,High Intensity Developed,HID,Estuarine Scrub/Shrub Wetland to High Intensity Developed,ESS_HID,-96.52289056999936,-157.35779506809317,-52.98646409629365,104.37133097179952,-89.52901355961907,-151.07263584944388,-46.85186359538738,104.2207722540565,-5.271549415566294,-10.808696400192103,-2.623298407260351,8.185397992931751,-1.0530962118078833,-1.7648133120155762,-0.3525811176279571,1.4122321943876193
Estuarine Scrub/Shrub Wetland,ESS,Low Intensity Developed,LID,Estuarine Scrub/Shrub Wetland to Low Intensity Developed,ESS_LID,-71.75422751919433,-115.60672893769473,-38.26734279848722,77.3393861392075,-66.33667833922422,-110.87291596871361,-34.726807220866654,76.14610874784697,-3.9276616065629315,-7.905833470765032,-1.9304441065289135,5.975389364236118,-0.775388505828569,-1.3028969540114426,-0.27200290880967415,1.0308940452017685
Estuarine Scrub/Shrub Wetland,ESS,Medium Intensity Developed,MID,Estuarine Scrub/Shrub Wetland to Medium Intensity Developed,ESS_MID,-75.41587019826162,-122.07359017013248,-41.29912442525985,80.77446574487263,-70.17558125359434,-117.56433604077282,-36.739198952109824,80.82513708866298,-4.13245995273374,-8.335675549691263,-2.0407544695006767,6.294921080190587,-0.819775730788183,-1.3652962102347521,-0.28494356634138585,1.0803526438933662
Estuarine Scrub/Shrub Wetland,ESS,Mixed Forest,MIX,Estuarine Scrub/Shrub Wetland to Mixed Forest,ESS_MIX,NA,NA,NA,NA,NA,NA,NA,NA,NA,NA,NA,NA,NA,NA,NA,NA
Estuarine Scrub/Shrub Wetland,ESS,Palustrine Aquatic Bed,PAB,Estuarine Scrub/Shrub Wetland to Palustrine Aquatic Bed,ESS_PAB,NA,NA,NA,NA,NA,NA,NA,NA,NA,NA,NA,NA,NA,NA,NA,NA
Estuarine Scrub/Shrub Wetland,ESS,Palustrine Emergent Wetland,PEM,Estuarine Scrub/Shrub Wetland to Palustrine Emergent Wetland,ESS_PEM,-4.261699679379037,-9.860004368989136,-1.3968771149923958,8.46312725399674,2.786473999243298,2.335481575856095,3.362091632117728,1.026610056261633,-4.303838003128665,-9.561271101621273,-1.708550962734199,7.852720138887074,-2.676716080714474,-4.433059196777209,-1.4443796316842448,2.988679565092964
Estuarine Scrub/Shrub Wetland,ESS,Palustrine Forested Wetland,PFW,Estuarine Scrub/Shrub Wetland to Palustrine Forested Wetland,ESS_PFW,42.897728531511895,33.80394292335812,52.00328005884046,18.199337135482338,2.422333509834677,2.051606997603795,2.8712233521202437,0.8196163545164485,42.78114288357364,33.951034617572816,52.22450723601573,18.273472618442916,-2.311498012705874,-3.795510909964805,-1.2954221841604565,2.5000887258043485
Estuarine Scrub/Shrub Wetland,ESS,Palustrine Scrub/Shrub Wetland,PSS,Estuarine Scrub/Shrub Wetland to Palustrine Scrub/Shrub Wetland,ESS_PSS,0.11864689469804429,-1.4917897035331087,1.2463143445466105,2.738104048079719,2.519699372072856,2.1034649473448095,3.0550010180508234,0.9515360707060139,0,0,0,0,-2.396743597876575,-4.045211514044445,-1.3435024779677371,2.701709036076708
Estuarine Scrub/Shrub Wetland,ESS,Pasture/Hay,PAST,Estuarine Scrub/Shrub Wetland to Pasture/Hay,ESS_PAST,-68.7233266945066,-112.27740399794797,-37.42512428455521,74.85227971339276,-64.40253635351618,-107.65947577629983,-33.87491214648185,73.78456362981798,-3.1979198439125223,-7.165011433663,-1.3010649971459327,5.863946436517068,-0.7497492318487862,-1.2607462276452537,-0.24368349233272246,1.0170627353125312
Estuarine Scrub/Shrub Wetland,ESS,Scrub/Shrub,SS,Estuarine Scrub/Shrub Wetland to Scrub/Shrub,ESS_SS,0.3143457892270873,-0.2802656396610933,0.9021300006489974,1.1823956403100908,1.1281196864054817,0.9535336176178093,1.345925116306784,0.3923914986889747,0,0,0,0,-0.8170785559066083,-1.381697051287217,-0.2709010535977233,1.1107959976894937
Estuarine Scrub/Shrub Wetland,ESS,Snow/Ice,SNOW,Estuarine Scrub/Shrub Wetland to Snow/Ice,ESS_SNOW,NA,NA,NA,NA,NA,NA,NA,NA,NA,NA,NA,NA,NA,NA,NA,NA
Estuarine Scrub/Shrub Wetland,ESS,Unconsolidated Shore,UCS,Estuarine Scrub/Shrub Wetland to Unconsolidated Shore,ESS_UCS,-77.37055123439393,-126.74772639650502,-41.105566504790495,85.64215989171453,-71.34612603518562,-121.59544144912569,-36.37385441377585,85.22158703534984,-4.21101356519017,-8.575503992477389,-2.05698822292219,6.518515769555199,-0.8256917195342357,-1.423745356192505,-0.27119718966207157,1.1525481665304336
Estuarine Scrub/Shrub Wetland,ESS,Water,OW,Estuarine Scrub/Shrub Wetland to Water,ESS_OW,-80.2293960355446,-129.79491207262038,-43.49339142760201,86.30152064501837,-74.37098083636991,-123.81477409353943,-39.5196936578943,84.29508043564513,-4.39858771837317,-8.80762164262205,-2.1522588650607855,6.655362777561265,-0.8688579034999562,-1.4509745145169,-0.28612039448277943,1.1648541200341205
Evergreen Forest,EVR,Estuarine Emergent Wetland,EEM,Evergreen Forest to Estuarine Emergent Wetland,EVR_EEM,-45.53074897531471,-55.02471787554114,-37.19731298414293,17.82740489139821,1.1909577957704562,0.9858494646079473,1.4181650349470627,0.4323155703391154,-45.77892100587813,-55.55764445965261,-37.867647123922886,17.68999733572972,-0.8593349076378565,-1.4352847384407865,-0.2818153852432405,1.153469353197546
Evergreen Forest,EVR,Estuarine Forested Wetland,EFW,Evergreen Forest to Estuarine Forested Wetland,EVR_EFW,NA,NA,NA,NA,NA,NA,NA,NA,NA,NA,NA,NA,NA,NA,NA,NA
Evergreen Forest,EVR,Estuarine Scrub/Shrub Wetland,ESS,Evergreen Forest to Estuarine Scrub/Shrub Wetland,EVR_ESS,-34.920958677024615,-49.64396082282963,-24.86058699851568,24.783373824313948,0.994422184354655,0.7301411792698463,1.4368119063220164,0.70667072705217,-35.20760572842653,-49.756199996393576,-25.211158948695324,24.545041047698252,-0.718142129870793,-1.3437785406643772,-0.2221428821439927,1.1216356585203844
Evergreen Forest,EVR,Palustrine Emergent Wetland,PEM,Evergreen Forest to Palustrine Emergent Wetland,EVR_PEM,-54.017342524475374,-66.50142024217669,-43.85840582998169,22.643014412195,1.3932369996216534,1.167740787928048,1.6810458160588584,0.5133050281308105,-53.77966218758543,-66.14399779427632,-43.79684612579462,22.347151668481693,-1.603633283064238,-3.299907954263266,-0.7674426354335254,2.5324653188297406
Evergreen Forest,EVR,Palustrine Forested Wetland,PFW,Evergreen Forest to Palustrine Forested Wetland,EVR_PFW,-0.16246093107804765,-1.5973440219106823,0.5831775858007923,2.1805216077114746,1.2111667549173375,1.0258034988018956,1.4356116760601214,0.4098081772582258,0,0,0,0,-1.3919694347466478,-2.8131353381133417,-0.6598401951673953,2.1532951429459466
Evergreen Forest,EVR,Palustrine Scrub/Shrub Wetland,PSS,Evergreen Forest to Palustrine Scrub/Shrub Wetland,EVR_PSS,-44.71235607641511,-55.08882203902343,-35.265297014941886,19.82352502408154,1.2598496860364254,1.0517324736724025,1.5275005090254044,0.47576803535300183,-44.4246677869902,-54.48072429632309,-35.29811989460108,19.18260440172201,-1.4428991451387683,-2.940256289595757,-0.6755388289559443,2.2647174606398126
Grassland,GRS,Estuarine Emergent Wetland,EEM,Grassland to Estuarine Emergent Wetland,GRS_EEM,0.33064478813051396,-0.2883394572190855,0.9399745841634851,1.2283140413825706,1.1909577957704516,0.985849464607948,1.4181650349470576,0.4323155703391096,0,0,0,0,-0.8593349076378558,-1.4352847384407907,-0.2818153852432404,1.1534693531975504
Grassland,GRS,Estuarine Forested Wetland,EFW,Grassland to Estuarine Forested Wetland,GRS_EFW,45.261641870026,36.706571594387576,55.189443319618206,18.48287172523063,1.159834993223209,0.9462112228246194,1.4034928546941188,0.4572816318694993,44.935328153714984,36.27764915614267,54.69872666784223,18.421077511699558,-0.8388285715077674,-1.4008272690850156,-0.2854928510994229,1.1153344179855926
Grassland,GRS,Estuarine Scrub/Shrub Wetland,ESS,Grassland to Estuarine Scrub/Shrub Wetland,GRS_ESS,3.378607277157516,1.292672747920438,7.397580982676795,6.104908234756357,0.9944221843546567,0.730141179269849,1.4368119063220162,0.7066707270521672,3.099217574103119,1.140698033140716,7.076245935243398,5.935547902102682,-0.7181421298707937,-1.3437785406643796,-0.22214288214399328,1.1216356585203864
Grassland,GRS,Palustrine Emergent Wetland,PEM,Grassland to Palustrine Emergent Wetland,GRS_PEM,-0.18413428379446845,-1.8872633711581368,0.6857130828908338,2.5729764540489706,1.3932369996216512,1.1677407879280486,1.6810458160588622,0.5133050281308136,0,0,0,0,-1.6036332830642386,-3.29990795426326,-0.7674426354335253,2.532465318829735
Grassland,GRS,Palustrine Forested Wetland,PFW,Grassland to Palustrine Forested Wetland,GRS_PFW,46.304834968447544,38.31491406509768,56.033595985934085,17.718681920836403,1.211166754917337,1.0258034988018943,1.4356116760601216,0.4098081772582274,46.50899785207652,38.570354270664325,56.15757516696595,17.587220896301623,-1.3919694347466465,-2.8131353381133364,-0.6598401951673951,2.1532951429459413
Grassland,GRS,Palustrine Scrub/Shrub Wetland,PSS,Grassland to Palustrine Scrub/Shrub Wetland,GRS_PSS,3.6650676529276227,0.8446815032794709,8.557946717405061,7.71326521412559,1.2598496860364286,1.0517324736724032,1.5275005090254055,0.47576803535300227,3.8676157468008805,1.5348584117066413,8.53193088303315,6.997072471326509,-1.442899145138766,-2.9402562895957582,-0.6755388289559443,2.264717460639814
High Intensity Developed,HID,Estuarine Emergent Wetland,EEM,High Intensity Developed to Estuarine Emergent Wetland,HID_EEM,1.0245157494342418,0.39384566725399905,1.6488101972564577,1.2549645300024586,1.1909577957704558,0.9858494646079472,1.418165034947061,0.4323155703391137,0.6926302535155036,0.6191527351731535,0.7646209069097394,0.14546817173658588,-0.8593349076378565,-1.435284738440787,-0.2818153852432403,1.1534693531975466
High Intensity Developed,HID,Estuarine Forested Wetland,EFW,High Intensity Developed to Estuarine Forested Wetland,HID_EFW,45.93445813480574,37.30598614661519,55.96660382025643,18.66061767364124,1.1598349932232077,0.9462112228246191,1.4034928546941132,0.4572816318694941,45.60532067643712,36.875598686175344,55.42892898923748,18.553330303062133,-0.8388285715077672,-1.4008272690850148,-0.28549285109942263,1.1153344179855922
High Intensity Developed,HID,Estuarine Scrub/Shrub Wetland,ESS,High Intensity Developed to Estuarine Scrub/Shrub Wetland,HID_ESS,3.9561585735852365,1.798270083465909,8.358777926964269,6.5605078434983595,0.9944221843546518,0.730141179269847,1.4368119063220164,0.7066707270521694,3.6980528811828695,1.661156265941422,7.758946978494138,6.097790712552716,-0.7181421298707935,-1.3437785406643805,-0.22214288214399258,1.121635658520388
High Intensity Developed,HID,Palustrine Emergent Wetland,PEM,High Intensity Developed to Palustrine Emergent Wetland,HID_PEM,0.6153163640682227,-1.0400544034713886,1.4982508658145994,2.538305269285988,1.393236999621652,1.1677407879280501,1.681045816058864,0.5133050281308138,0.8109422728880826,0.7230371850639703,0.9080202004365677,0.18498301537259743,-1.6036332830642364,-3.299907954263252,-0.7674426354335254,2.532465318829727
High Intensity Developed,HID,Palustrine Forested Wetland,PFW,High Intensity Developed to Palustrine Forested Wetland,HID_PFW,NA,NA,NA,NA,NA,NA,NA,NA,NA,NA,NA,NA,NA,NA,NA,NA
High Intensity Developed,HID,Palustrine Scrub/Shrub Wetland,PSS,High Intensity Developed to Palustrine Scrub/Shrub Wetland,HID_PSS,4.367067764911916,1.5467108598814308,9.314793950979784,7.768083091098353,1.2598496860364268,1.0517324736724014,1.5275005090254032,0.47576803535300183,4.5779114520527,2.2758804324508586,9.291318493519865,7.015438061069007,-1.442899145138767,-2.940256289595755,-0.6755388289559452,2.26471746063981
Low Intensity Developed,LID,Estuarine Emergent Wetland,EEM,Low Intensity Developed to Estuarine Emergent Wetland,LID_EEM,1.0245157494342445,0.3938456672540003,1.6488101972564573,1.254964530002457,1.190957795770454,0.9858494646079459,1.4181650349470651,0.43231557033911927,0.6926302535155038,0.6191527351731562,0.7646209069097409,0.14546817173658477,-0.8593349076378578,-1.4352847384407914,-0.2818153852432409,1.1534693531975506
Low Intensity Developed,LID,Estuarine Forested Wetland,EFW,Low Intensity Developed to Estuarine Forested Wetland,LID_EFW,45.934458134805695,37.305986146615176,55.96660382025644,18.660617673641262,1.1598349932232095,0.9462112228246189,1.4034928546941132,0.45728163186949433,45.60532067643716,36.87559868617531,55.42892898923747,18.55333030306216,-0.838828571507768,-1.4008272690850172,-0.2854928510994229,1.1153344179855944
Low Intensity Developed,LID,Estuarine Scrub/Shrub Wetland,ESS,Low Intensity Developed to Estuarine Scrub/Shrub Wetland,LID_ESS,3.956158573585227,1.7982700834659104,8.358777926964276,6.560507843498366,0.9944221843546541,0.7301411792698468,1.4368119063220153,0.7066707270521685,3.6980528811828792,1.661156265941419,7.758946978494153,6.097790712552734,-0.718142129870794,-1.343778540664376,-0.2221428821439928,1.1216356585203833
Low Intensity Developed,LID,Palustrine Emergent Wetland,PEM,Low Intensity Developed to Palustrine Emergent Wetland,LID_PEM,0.6153163640682241,-1.0400544034713883,1.4982508658145983,2.5383052692859867,1.3932369996216498,1.1677407879280475,1.681045816058863,0.5133050281308156,0.8109422728880823,0.723037185063971,0.9080202004365678,0.18498301537259687,-1.6036332830642384,-3.299907954263262,-0.7674426354335255,2.532465318829736
Low Intensity Developed,LID,Palustrine Forested Wetland,PFW,Low Intensity Developed to Palustrine Forested Wetland,LID_PFW,47.01534537559755,39.00952454133271,56.74811923722592,17.738594695893212,1.2111667549173357,1.0258034988018945,1.4356116760601223,0.4098081772582278,47.20451787809539,39.28266569582922,56.849362410864245,17.56669671503502,-1.3919694347466454,-2.813135338113336,-0.6598401951673953,2.1532951429459404
Low Intensity Developed,LID,Palustrine Scrub/Shrub Wetland,PSS,Low Intensity Developed to Palustrine Scrub/Shrub Wetland,LID_PSS,4.367067764911917,1.5467108598814308,9.314793950979793,7.768083091098362,1.2598496860364277,1.0517324736724027,1.5275005090254052,0.4757680353530025,4.577911452052698,2.275880432450856,9.291318493519844,7.015438061068988,-1.442899145138766,-2.940256289595757,-0.6755388289559451,2.2647174606398117
Medium Intensity Developed,MID,Estuarine Emergent Wetland,EEM,Medium Intensity Developed to Estuarine Emergent Wetland,MID_EEM,1.0245157494342418,0.3938456672539994,1.6488101972564575,1.2549645300024581,1.1909577957704562,0.9858494646079464,1.4181650349470614,0.43231557033911494,0.6926302535155036,0.6191527351731535,0.7646209069097394,0.14546817173658588,-0.8593349076378569,-1.4352847384407885,-0.28181538524324007,1.1534693531975484
Medium Intensity Developed,MID,Estuarine Forested Wetland,EFW,Medium Intensity Developed to Estuarine Forested Wetland,MID_EFW,45.93445813480561,37.305986146615304,55.96660382025643,18.660617673641127,1.159834993223208,0.9462112228246216,1.4034928546941134,0.4572816318694919,45.60532067643706,36.87559868617524,55.42892898923748,18.55333030306224,-0.8388285715077672,-1.400827269085015,-0.28549285109942335,1.1153344179855917
Medium Intensity Developed,MID,Estuarine Scrub/Shrub Wetland,ESS,Medium Intensity Developed to Estuarine Scrub/Shrub Wetland,MID_ESS,3.956158573585232,1.7982700834659113,8.358777926964269,6.560507843498358,0.994422184354655,0.7301411792698465,1.4368119063220164,0.7066707270521699,3.698052881182881,1.6611562659414199,7.758946978494157,6.097790712552737,-0.718142129870793,-1.3437785406643772,-0.22214288214399236,1.1216356585203848
Medium Intensity Developed,MID,Palustrine Emergent Wetland,PEM,Medium Intensity Developed to Palustrine Emergent Wetland,MID_PEM,0.6153163640682232,-1.0400544034713894,1.4982508658145957,2.538305269285985,1.3932369996216512,1.1677407879280477,1.6810458160588602,0.5133050281308125,0.8109422728880822,0.723037185063971,0.9080202004365667,0.18498301537259576,-1.6036332830642381,-3.2999079542632557,-0.7674426354335253,2.5324653188297304
Medium Intensity Developed,MID,Palustrine Forested Wetland,PFW,Medium Intensity Developed to Palustrine Forested Wetland,MID_PFW,47.015345375597555,39.009524541332766,56.74811923722594,17.738594695893177,1.2111667549173364,1.0258034988018943,1.4356116760601216,0.4098081772582274,47.2045178780954,39.28266569582923,56.84936241086427,17.566696715035043,-1.3919694347466476,-2.813135338113334,-0.6598401951673947,2.1532951429459395
Medium Intensity Developed,MID,Palustrine Scrub/Shrub Wetland,PSS,Medium Intensity Developed to Palustrine Scrub/Shrub Wetland,MID_PSS,4.367067764911913,1.5467108598814274,9.314793950979782,7.7680830910983545,1.2598496860364279,1.0517324736724052,1.5275005090254088,0.4757680353530036,4.577911452052708,2.2758804324508555,9.291318493519825,7.015438061068969,-1.4428991451387647,-2.940256289595751,-0.675538828955945,2.2647174606398064
Mixed Forest,MIX,Estuarine Emergent Wetland,EEM,Mixed Forest to Estuarine Emergent Wetland,MIX_EEM,-45.53074897531475,-55.02471787554115,-37.197312984142805,17.827404891398345,1.190957795770454,0.9858494646079451,1.4181650349470656,0.4323155703391205,-45.77892100587818,-55.55764445965264,-37.86764712392289,17.68999733572975,-0.8593349076378569,-1.435284738440785,-0.2818153852432406,1.1534693531975444
Mixed Forest,MIX,Estuarine Forested Wetland,EFW,Mixed Forest to Estuarine Forested Wetland,MIX_EFW,NA,NA,NA,NA,NA,NA,NA,NA,NA,NA,NA,NA,NA,NA,NA,NA
Mixed Forest,MIX,Estuarine Scrub/Shrub Wetland,ESS,Mixed Forest to Estuarine Scrub/Shrub Wetland,MIX_ESS,-34.92095867702456,-49.6439608228297,-24.860586998515693,24.783373824314005,0.994422184354656,0.730141179269847,1.436811906322015,0.706670727052168,-35.207605728426486,-49.75619999639366,-25.211158948695438,24.545041047698223,-0.7181421298707926,-1.3437785406643803,-0.22214288214399314,1.121635658520387
Mixed Forest,MIX,Palustrine Emergent Wetland,PEM,Mixed Forest to Palustrine Emergent Wetland,MIX_PEM,-54.01734252447537,-66.50142024217664,-43.858405829981564,22.643014412195072,1.3932369996216507,1.1677407879280488,1.6810458160588655,0.5133050281308167,-53.779662187585444,-66.14399779427615,-43.796846125794524,22.347151668481622,-1.603633283064239,-3.2999079542632574,-0.7674426354335262,2.5324653188297312
Mixed Forest,MIX,Palustrine Forested Wetland,PFW,Mixed Forest to Palustrine Forested Wetland,MIX_PFW,-0.16246093107804765,-1.5973440219106798,0.5831775858007928,2.180521607711473,1.2111667549173362,1.0258034988018947,1.4356116760601216,0.40980817725822694,0,0,0,0,-1.3919694347466467,-2.8131353381133355,-0.6598401951673954,2.15329514294594
Mixed Forest,MIX,Palustrine Scrub/Shrub Wetland,PSS,Mixed Forest to Palustrine Scrub/Shrub Wetland,MIX_PSS,-44.71235607641515,-55.08882203902349,-35.265297014941886,19.823525024081604,1.259849686036425,1.051732473672403,1.5275005090254052,0.47576803535300227,-44.42466778699031,-54.48072429632293,-35.29811989460108,19.182604401721854,-1.4428991451387672,-2.9402562895957463,-0.6755388289559449,2.2647174606398015
Palustrine Aquatic Bed,PAB,Estuarine Emergent Wetland,EEM,Palustrine Aquatic Bed to Estuarine Emergent Wetland,PAB_EEM,1.0245157494342423,0.3938456672539987,1.6488101972564566,1.254964530002458,1.1909577957704576,0.985849464607945,1.4181650349470591,0.43231557033911416,0.6926302535155031,0.61915273517315506,0.7646209069097395,0.14546817173658444,-0.8593349076378572,-1.4352847384407859,-0.2818153852432402,1.1534693531975457
Palustrine Aquatic Bed,PAB,Estuarine Forested Wetland,EFW,Palustrine Aquatic Bed to Estuarine Forested Wetland,PAB_EFW,NA,NA,NA,NA,NA,NA,NA,NA,NA,NA,NA,NA,NA,NA,NA,NA
Palustrine Aquatic Bed,PAB,Estuarine Scrub/Shrub Wetland,ESS,Palustrine Aquatic Bed to Estuarine Scrub/Shrub Wetland,PAB_ESS,NA,NA,NA,NA,NA,NA,NA,NA,NA,NA,NA,NA,NA,NA,NA,NA
Palustrine Aquatic Bed,PAB,Palustrine Emergent Wetland,PEM,Palustrine Aquatic Bed to Palustrine Emergent Wetland,PAB_PEM,0.6153163640682253,-1.0400544034713886,1.498250865814591,2.5383052692859795,1.3932369996216507,1.1677407879280515,1.6810458160588542,0.5133050281308027,0.8109422728880813,0.7230371850639717,0.9080202004365633,0.18498301537259154,-1.6036332830642395,-3.29990795426326,-0.7674426354335289,2.5324653188297312
Palustrine Aquatic Bed,PAB,Palustrine Forested Wetland,PFW,Palustrine Aquatic Bed to Palustrine Forested Wetland,PAB_PFW,47.01534537559755,39.00952454133275,56.748119237226085,17.738594695893333,1.2111667549173388,1.0258034988018985,1.4356116760601267,0.40980817725822827,47.204517878095345,39.28266569582932,56.84936241086424,17.566696715034915,-1.3919694347466463,-2.8131353381133453,-0.6598401951673962,2.1532951429459493
Palustrine Aquatic Bed,PAB,Palustrine Scrub/Shrub Wetland,PSS,Palustrine Aquatic Bed to Palustrine Scrub/Shrub Wetland,PAB_PSS,4.36706776491191,1.5467108598814352,9.314793950979784,7.768083091098348,1.2598496860364272,1.0517324736724012,1.5275005090254021,0.47576803535300094,4.5779114520527076,2.2758804324508604,9.291318493519837,7.015438061068977,-1.4428991451387656,-2.940256289595757,-0.6755388289559436,2.2647174606398135
Palustrine Emergent Wetland,PEM,Bare Land,BAR,Palustrine Emergent Wetland to Bare Land,PEM_BAR,-1.2428825216746646,-3.304107460822639,-0.15340766681011542,3.1506997940125236,1.7241035573334857,1.4023430220301971,2.1089083835966136,0.7065653615664165,-1.0013388954123958,-1.1480368701199115,-0.8680202896023477,0.28001658051756384,-1.9842982893791103,-4.028402270142993,-0.9452297347944428,3.08317253534855
Palustrine Emergent Wetland,PEM,Cultivated,CULT,Palustrine Emergent Wetland to Cultivated,PEM_CULT,-71.96950942284367,-118.81248318718018,-38.47858026928099,80.3339029178992,-70.48523876260275,-117.16837688999281,-37.4433529379722,79.72502395202062,0,0,0,0,-1.3163217984497377,-2.6795630264316403,-0.6167598409283789,2.0628031855032614
Palustrine Emergent Wetland,PEM,Deciduous Forest,DEC,Palustrine Emergent Wetland to Deciduous Forest,PEM_DEC,45.81310820363951,37.99653442478827,55.38601382846458,17.389479403676305,1.196258654131137,1.016072544702449,1.4192002470639897,0.4031277023615407,46.07389177281837,38.25206503432467,55.46868123152433,17.216616197199656,-1.3692819310627118,-2.8000576672192325,-0.6447769591383369,2.1552807080808956
Palustrine Emergent Wetland,PEM,Developed Open Space,OSD,Palustrine Emergent Wetland to Developed Open Space,PEM_OSD,-113.6174967669034,-189.5740403685042,-60.48439967672249,129.0896406917817,-110.62596953688526,-186.61597106907723,-57.00099864042908,129.61497242864814,-1.040031775105227,-1.1709634459969906,-0.9201895405581061,0.25077390543888456,-2.05361512346558,-4.191886718689671,-0.974421148914303,3.2174655697753676
Palustrine Emergent Wetland,PEM,Estuarine Aquatic Bed,EAB,Palustrine Emergent Wetland to Estuarine Aquatic Bed,PEM_EAB,-86.94539686659394,-172.29360700878593,-40.907761989320086,131.38584501946585,-84.23171157303848,-168.8129919925377,-39.23094423616771,129.58204775636997,-0.8117325390281374,-1.2339486227639922,-0.6017644386561063,0.6321841841078859,-1.5886766932310725,-3.7337112861462844,-0.6792805480970702,3.054430738049214
Palustrine Emergent Wetland,PEM,Estuarine Emergent Wetland,EEM,Palustrine Emergent Wetland to Estuarine Emergent Wetland,PEM_EEM,0.11294955123976573,-1.3679121358738184,1.1947089340861572,2.5626210699599756,2.3819155915409187,1.9716989292158928,2.836330069894113,0.8646311406782201,0,0,0,0,-2.262535776727059,-3.760835473137619,-1.261899517779637,2.498935955357982
Palustrine Emergent Wetland,PEM,Estuarine Forested Wetland,EFW,Palustrine Emergent Wetland to Estuarine Forested Wetland,PEM_EFW,NA,NA,NA,NA,NA,NA,NA,NA,NA,NA,NA,NA,NA,NA,NA,NA
Palustrine Emergent Wetland,PEM,Estuarine Scrub/Shrub Wetland,ESS,Palustrine Emergent Wetland to Estuarine Scrub/Shrub Wetland,PEM_ESS,3.1963342698576307,0.830043731022654,7.46188498498169,6.631841253959037,1.9888443687093043,1.4602823585396916,2.8736238126440212,1.4133414541043297,3.0992175741031156,1.1406980331407133,7.076245935243407,5.9355479021026945,-1.9129659872965794,-3.4373913042363213,-0.9641273667805458,2.4732639374557754
Palustrine Emergent Wetland,PEM,Evergreen Forest,EVR,Palustrine Emergent Wetland to Evergreen Forest,PEM_EVR,47.80704621873922,39.3925149521395,57.85836266329651,18.46584771115701,1.254363100183519,1.057185674028949,1.4927405737721144,0.4355548997431655,48.04375256442328,39.86912607352247,57.89317785697869,18.024051783456216,-1.4342793707716934,-2.945379369683536,-0.6691555728930808,2.2762237967904553
Palustrine Emergent Wetland,PEM,Grassland,GRS,Palustrine Emergent Wetland to Grassland,PEM_GRS,-0.18655856924135394,-1.854114014865971,0.6659179162737928,2.520031931139764,1.3990055884092676,1.1783166088405461,1.6619794175140683,0.4836628086735222,0,0,0,0,-1.6066203536330845,-3.256675132987287,-0.7484547473916119,2.508220385595675
Palustrine Emergent Wetland,PEM,High Intensity Developed,HID,Palustrine Emergent Wetland to High Intensity Developed,PEM_HID,-92.2866259620918,-154.22524605963548,-49.09528055151248,105.12996550812301,-89.52901355961922,-151.0726358494438,-46.851863595387385,104.22077225405641,-0.8414485961511244,-0.9439694974985356,-0.76014444919694,0.18382504830159563,-1.6667589782471823,-3.3192936508760207,-0.7836456822033594,2.535647968672661
Palustrine Emergent Wetland,PEM,Low Intensity Developed,LID,Palustrine Emergent Wetland to Low Intensity Developed,PEM_LID,-68.11518195720971,-112.69954031628866,-36.67356008637741,76.02598022991126,-66.33667833922422,-110.8729159687136,-34.72680722086661,76.146108747847,-0.6255051269582053,-0.6886088230309818,-0.5679734686361556,0.1206353543948262,-1.2360216146187315,-2.4926620810584352,-0.5753152261039279,1.9173468549545074
Palustrine Emergent Wetland,PEM,Medium Intensity Developed,MID,Palustrine Emergent Wetland to Medium Intensity Developed,PEM_MID,-72.5286656412066,-119.58553797727504,-38.81904502211064,80.7664929551644,-70.17558125359442,-117.5643360407728,-36.739198952109845,80.82513708866296,-0.6590079961703939,-0.7393775504899939,-0.6000850808756824,0.13929246961431152,-1.3008068556942454,-2.701660272208674,-0.6185960438894413,2.083064228319233
Palustrine Emergent Wetland,PEM,Mixed Forest,MIX,Palustrine Emergent Wetland to Mixed Forest,PEM_MIX,NA,NA,NA,NA,NA,NA,NA,NA,NA,NA,NA,NA,NA,NA,NA,NA
Palustrine Emergent Wetland,PEM,Palustrine Aquatic Bed,PAB,Palustrine Emergent Wetland to Palustrine Aquatic Bed,PEM_PAB,-115.04769650929354,-245.19293475240008,-47.69683282292682,197.49610192947324,-111.50313008447256,-239.05579396173647,-45.51357710554154,193.54221685619493,-1.060511998132335,-1.787405271545512,-0.5503578651224643,1.2370474064230477,-2.061184323612763,-4.981832204110526,-0.8239620989694,4.157870105141126
Palustrine Emergent Wetland,PEM,Palustrine Emergent Wetland,PEM,Palustrine Emergent Wetland to Palustrine Emergent Wetland,PEM_PEM,-0.23659715238146323,-2.287832070190178,0.8432172291637018,3.13104929935388,1.7574125974224573,1.525727481443971,2.0583437379730163,0.5326162565290453,0,0,0,0,-2.0204221633476944,-4.089321316318246,-0.9577310617202813,3.131590254597965
Palustrine Emergent Wetland,PEM,Palustrine Forested Wetland,PFW,Palustrine Emergent Wetland to Palustrine Forested Wetland,PEM_PFW,46.056274730779684,37.94187281107719,55.93117305609276,17.98930024501557,2.422333509834676,2.051606997603794,2.871223352120246,0.8196163545164521,46.508997852076504,38.57035427066428,56.15757516696592,17.587220896301638,-2.7839388694932903,-5.62627067622668,-1.3196803903347936,4.306590285891886
Palustrine Emergent Wetland,PEM,Palustrine Scrub/Shrub Wetland,PSS,Palustrine Emergent Wetland to Palustrine Scrub/Shrub Wetland,PEM_PSS,3.4040409904303734,-0.4174941463238052,8.489520392580179,8.907014538903985,2.519699372072856,2.1034649473448073,3.0550010180508234,0.9515360707060161,3.8676157468008823,1.5348584117066433,8.531930883033148,6.997072471326504,-2.885798290277527,-5.88051257919151,-1.3510776579118917,4.529434921279618
Palustrine Emergent Wetland,PEM,Pasture/Hay,PAST,Palustrine Emergent Wetland to Pasture/Hay,PEM_PAST,-65.61664632722014,-109.31916438090678,-34.92067329680166,74.39849108410513,-64.4025363535163,-107.65947577630024,-33.87491214648188,73.78456362981836,0,0,0,0,-1.1932900798890653,-2.418075338231776,-0.5552865564938132,1.8627887817379627
Palustrine Emergent Wetland,PEM,Scrub/Shrub,SS,Palustrine Emergent Wetland to Scrub/Shrub,PEM_SS,3.267151933638841,0.7283827732516519,7.591269823471807,6.862887050220155,1.1281196864054812,0.9535336176178093,1.345925116306783,0.3923914986889736,3.4821653551579868,1.3984509547558288,7.646355563663002,6.247904608907174,-1.295441619645664,-2.6173565043073674,-0.6060998047089942,2.0112566995983734
Palustrine Emergent Wetland,PEM,Snow/Ice,SNOW,Palustrine Emergent Wetland to Snow/Ice,PEM_SNOW,NA,NA,NA,NA,NA,NA,NA,NA,NA,NA,NA,NA,NA,NA,NA,NA
Palustrine Emergent Wetland,PEM,Unconsolidated Shore,UCS,Palustrine Emergent Wetland to Unconsolidated Shore,PEM_UCS,-73.45431670004119,-123.81220813980899,-38.389806960089324,85.42240117971966,-71.34612603518559,-121.59544144912562,-36.37385441377586,85.22158703534976,-0.6704770435133673,-0.7800181945628956,-0.5757067990739213,0.20431139548897426,-1.3129353939726363,-2.7274794637239808,-0.6182092269635018,2.109270236760479
Palustrine Emergent Wetland,PEM,Water,OW,Palustrine Emergent Wetland to Water,PEM_OW,-76.59194173272374,-126.11733047017532,-41.210220333234275,84.90711013694104,-74.37098083636982,-123.81477409354008,-39.51969365789429,84.29508043564579,-0.7007675650115335,-0.7631874501288148,-0.6414299752420025,0.12175747488681232,-1.3772486857567223,-2.810283416381969,-0.6496461975391806,2.1606372188427883
Palustrine Forested Wetland,PFW,Bare Land,BAR,Palustrine Forested Wetland to Bare Land,PFW_BAR,-67.43653037843949,-83.46496825665741,-54.86260525167249,28.602363004984923,1.7241035573334853,1.4023430220301971,2.1089083835966034,0.7065653615664063,-66.88470755639875,-83.33481312974948,-54.44131591577159,28.893497213977888,-1.9842982893791106,-4.028402270142993,-0.9452297347944408,3.0831725353485524
Palustrine Forested Wetland,PFW,Cultivated,CULT,Palustrine Forested Wetland to Cultivated,PFW_CULT,-117.20878045421188,-165.78899730494575,-80.50323449040772,85.28576281453803,-70.48523876260262,-117.1683768899931,-37.44335293797222,79.72502395202088,-44.02263673178814,-52.86965369542098,-36.64046793453107,16.229185760889912,-1.316321798449739,-2.6795630264316435,-0.6167598409283773,2.0628031855032662
Palustrine Forested Wetland,PFW,Deciduous Forest,DEC,Palustrine Forested Wetland to Deciduous Forest,PFW_DEC,NA,NA,NA,NA,NA,NA,NA,NA,NA,NA,NA,NA,NA,NA,NA,NA
Palustrine Forested Wetland,PFW,Developed Open Space,OSD,Palustrine Forested Wetland to Developed Open Space,PFW_OSD,-184.28969984682146,-263.26787459979045,-125.66188993716955,137.6059846626209,-110.62596953688522,-186.61597106907723,-57.000998640429025,129.6149724286482,-69.97959365424359,-86.44748825880978,-56.969562580177794,29.47792567863199,-2.0536151234655815,-4.191886718689667,-0.974421148914303,3.217465569775364
Palustrine Forested Wetland,PFW,Estuarine Aquatic Bed,EAB,Palustrine Forested Wetland to Estuarine Aquatic Bed,PFW_EAB,-140.7232396629616,-242.48417963327572,-81.68962471058788,160.79455492268784,-84.2317115730385,-168.81299199253797,-39.23094423616782,129.58204775637014,-53.20616432656924,-86.55769326357895,-37.77002346261103,48.787669800967926,-1.5886766932310725,-3.733711286146281,-0.6792805480970708,3.05443073804921
Palustrine Forested Wetland,PFW,Estuarine Emergent Wetland,EEM,Palustrine Forested Wetland to Estuarine Emergent Wetland,PFW_EEM,-45.67661987734009,-55.30268029491822,-37.44432727095356,17.85835302396466,2.3819155915409187,1.9716989292158937,2.836330069894112,0.8646311406782183,-45.77892100587812,-55.55764445965252,-37.86764712392288,17.689997335729643,-2.2625357767270584,-3.7608354731376177,-1.2618995177796377,2.4989359553579797
Palustrine Forested Wetland,PFW,Estuarine Forested Wetland,EFW,Palustrine Forested Wetland to Estuarine Forested Wetland,PFW_EFW,NA,NA,NA,NA,NA,NA,NA,NA,NA,NA,NA,NA,NA,NA,NA,NA
Palustrine Forested Wetland,PFW,Estuarine Scrub/Shrub Wetland,ESS,Palustrine Forested Wetland to Estuarine Scrub/Shrub Wetland,PFW_ESS,-35.16920007105473,-49.620851263803374,-25.1048611549995,24.515990108803873,1.9888443687093036,1.4602823585396896,2.873623812644035,1.4133414541043454,-35.20760572842656,-49.75619999639349,-25.21115894869535,24.54504104769814,-1.9129659872965783,-3.437391304236322,-0.9641273667805456,2.4732639374557768
Palustrine Forested Wetland,PFW,Evergreen Forest,EVR,Palustrine Forested Wetland to Evergreen Forest,PFW_EVR,-0.16926566140126315,-1.6634824954389777,0.6042948993347852,2.2677773947737627,1.2543631001835187,1.0577261458520322,1.486938815760927,0.42921266990889473,0,0,0,0,-1.4341340671322405,-2.948938374733648,-0.6688444227475555,2.2800939519860925
Palustrine Forested Wetland,PFW,Grassland,GRS,Palustrine Forested Wetland to Grassland,PFW_GRS,-54.000854008254734,-65.69617473997845,-45.08678222301092,20.609392516967525,1.3990055884092716,1.1783166088405477,1.6619794175140652,0.4836628086735175,-53.67051353593692,-65.06896689618392,-44.4603746016805,20.608592294503424,-1.6066203536330887,-3.2566751329872954,-0.7484547473916109,2.5082203855956844
Palustrine Forested Wetland,PFW,High Intensity Developed,HID,Palustrine Forested Wetland to High Intensity Developed,PFW_HID,-148.40178437207584,-212.75961060953634,-102.28079309889837,110.47881751063797,-89.52901355961917,-151.0726358494438,-46.85186359538739,104.22077225405641,-56.67110327427224,-68.6560593386445,-46.766953473993205,21.88910586465129,-1.666758978247182,-3.3192936508760202,-0.7836456822033591,2.535647968672661
Palustrine Forested Wetland,PFW,Low Intensity Developed,LID,Palustrine Forested Wetland to Low Intensity Developed,PFW_LID,-110.85591884248001,-157.6163731146079,-76.63695823531258,80.97941487929533,-66.33667833922425,-110.87291596871358,-34.7268072208667,76.14610874784688,-42.12113661503939,-50.65226660539115,-34.824029729916305,15.828236875474843,-1.2360216146187302,-2.492662081058439,-0.5753152261039274,1.9173468549545114
Palustrine Forested Wetland,PFW,Medium Intensity Developed,MID,Palustrine Forested Wetland to Medium Intensity Developed,PFW_MID,-117.14921677069893,-165.04205766405133,-80.93682558941389,84.10523207463744,-70.17558125359415,-117.56433604077282,-36.73919895210978,80.82513708866304,-44.32359383145872,-53.983647506289714,-36.792562981935596,17.191084524354117,-1.3008068556942445,-2.7016602722086747,-0.6185960438894409,2.083064228319234
Palustrine Forested Wetland,PFW,Mixed Forest,MIX,Palustrine Forested Wetland to Mixed Forest,PFW_MIX,-0.19199776806076557,-1.7143338071694836,0.6317217616678512,2.346055568837335,1.3217151331126866,1.1048779417507366,1.5515574475470058,0.44667950579626914,0,0,0,0,-1.5219073014658968,-3.004505388818247,-0.7239269241885942,2.2805784646296527
Palustrine Forested Wetland,PFW,Palustrine Aquatic Bed,PAB,Palustrine Forested Wetland to Palustrine Aquatic Bed,PFW_PAB,-184.46203497712105,-357.0290624870135,-90.41526339809533,266.6137990889182,-111.50313008447239,-239.05579396173664,-45.51357710554166,193.54221685619498,-71.7413472404146,-121.23741227106349,-37.08885281926927,84.14855945179423,-2.061184323612764,-4.981832204110506,-0.8239620989693995,4.1578701051411064
Palustrine Forested Wetland,PFW,Palustrine Emergent Wetland,PEM,Palustrine Forested Wetland to Palustrine Emergent Wetland,PFW_PEM,-54.19586377037183,-66.75376660520922,-43.742956872238366,23.010809732970856,2.7864739992432987,2.3354815758560927,3.362091632117724,1.0266100562616312,-53.779662187585416,-66.14399779427612,-43.79684612579448,22.347151668481636,-3.207266566128478,-6.599815908526517,-1.5348852708670582,5.064930637659458
Palustrine Forested Wetland,PFW,Palustrine Forested Wetland,PFW,Palustrine Forested Wetland to Palustrine Forested Wetland,PFW_PFW,-0.2365971523814635,-2.287832070190177,0.8432172291637022,3.1310492993538794,1.7574125974224566,1.5257274814439716,2.0583437379730154,0.5326162565290438,0,0,0,0,-2.0204221633476944,-4.089321316318253,-0.9577310617202802,3.131590254597973
Palustrine Forested Wetland,PFW,Palustrine Scrub/Shrub Wetland,PSS,Palustrine Forested Wetland to Palustrine Scrub/Shrub Wetland,PFW_PSS,-44.99465789117661,-55.956172414023236,-35.17931459265326,20.776857821369973,2.519699372072856,2.1034649473448117,3.05500101805081,0.9515360707059983,-44.42466778699028,-54.48072429632314,-35.29811989460107,19.182604401722067,-2.8857982902775277,-5.8805125791915325,-1.3510776579118886,4.529434921279644
Palustrine Forested Wetland,PFW,Pasture/Hay,PAST,Palustrine Forested Wetland to Pasture/Hay,PFW_PAST,-106.13508553393642,-150.59704443830677,-73.5651002559848,77.03194418232196,-64.40253635351617,-107.65947577630024,-33.87491214648188,73.78456362981836,-40.02973093607548,-48.167653864112395,-33.202400441337254,14.965253422775142,-1.1932900798890662,-2.4180753382317777,-0.5552865564938133,1.8627887817379642
Palustrine Forested Wetland,PFW,Scrub/Shrub,SS,Palustrine Forested Wetland to Scrub/Shrub,PFW_SS,-40.19627868967318,-49.16813635071417,-31.962276497067155,17.205859853647016,1.1281196864054799,0.9535336176178087,1.3459251163067838,0.39239149868897505,-39.975390998664636,-48.62347531009525,-31.603574875362856,17.019900434732396,-1.2954416196456644,-2.6173565043073683,-0.6060998047089949,2.0112566995983734
Palustrine Forested Wetland,PFW,Snow/Ice,SNOW,Palustrine Forested Wetland to Snow/Ice,PFW_SNOW,NA,NA,NA,NA,NA,NA,NA,NA,NA,NA,NA,NA,NA,NA,NA,NA
Palustrine Forested Wetland,PFW,Unconsolidated Shore,UCS,Palustrine Forested Wetland to Unconsolidated Shore,PFW_UCS,-117.75757762083927,-172.12506726188437,-79.24700002535545,92.87806723652892,-71.34612603518562,-121.59544144912553,-36.37385441377585,85.22158703534967,-44.942408324458114,-56.476798176510954,-35.709634239043616,20.767163937467338,-1.312935393972635,-2.727479463723983,-0.6182092269635008,2.1092702367604823
Palustrine Forested Wetland,PFW,Water,OW,Palustrine Forested Wetland to Water,PFW_OW,-123.39093694811957,-175.38808037632649,-86.02769141028764,89.36038896603884,-74.37098083636982,-123.81477409353971,-39.519693657894216,84.2950804356455,-46.9579536913805,-56.56535883521545,-39.125752192225384,17.439606642990064,-1.377248685756724,-2.810283416381979,-0.64964619753918,2.1606372188427994
Palustrine Scrub/Shrub Wetland,PSS,Bare Land,BAR,Palustrine Scrub/Shrub Wetland to Bare Land,PSS_BAR,-6.733020687443398,-13.751496248599846,-3.1288544055749647,10.622641843024882,1.7241035573334875,1.4023430220301956,2.1089083835966065,0.7065653615664109,-6.271020323586641,-13.134802918939124,-3.0873941299955474,10.047408788943578,-1.984298289379115,-4.028402270142984,-0.9452297347944423,3.0831725353485417
Palustrine Scrub/Shrub Wetland,PSS,Cultivated,CULT,Palustrine Scrub/Shrub Wetland to Cultivated,PSS_CULT,-76.04129498954842,-123.55432477977195,-41.58594911049343,81.96837566927852,-70.48523876260276,-117.16837688999279,-37.44335293797214,79.72502395202065,-3.497888844170326,-7.7349942238322384,-1.4062961772924945,6.328698046539744,-1.3163217984497377,-2.6795630264316457,-0.6167598409283785,2.062803185503267
Palustrine Scrub/Shrub Wetland,PSS,Deciduous Forest,DEC,Palustrine Scrub/Shrub Wetland to Deciduous Forest,PSS_DEC,NA,NA,NA,NA,NA,NA,NA,NA,NA,NA,NA,NA,NA,NA,NA,NA
Palustrine Scrub/Shrub Wetland,PSS,Developed Open Space,OSD,Palustrine Scrub/Shrub Wetland to Developed Open Space,PSS_OSD,-120.3843522837826,-194.68819329466325,-66.24195959120533,128.44623370345792,-110.62596953688534,-186.61597106907774,-57.00099864042905,129.61497242864868,-6.5586216935238895,-13.103334769229134,-3.2469700038657066,9.856364765363427,-2.053615123465582,-4.191886718689667,-0.9744211489143028,3.2174655697753645
Palustrine Scrub/Shrub Wetland,PSS,Estuarine Aquatic Bed,EAB,Palustrine Scrub/Shrub Wetland to Estuarine Aquatic Bed,PSS_EAB,-90.9361246889712,-177.2348802007763,-44.89148845655355,132.34339174422274,-84.23171157303855,-168.8129919925377,-39.23094423616768,129.58204775637,-5.020301548663924,-11.960077861734126,-2.248320504163961,9.711757357570164,-1.5886766932310725,-3.7337112861462876,-0.6792805480970707,3.054430738049217
Palustrine Scrub/Shrub Wetland,PSS,Estuarine Emergent Wetland,EEM,Palustrine Scrub/Shrub Wetland to Estuarine Emergent Wetland,PSS_EEM,-3.640823742253942,-8.379882920522665,-1.2022409542500823,7.177641966272582,2.3819155915409187,1.9716989292158902,2.8363300698941116,0.8646311406782214,-3.6317678666978983,-8.063786581834304,-1.449604028896198,6.6141825529381055,-2.2625357767270575,-3.7608354731376155,-1.2618995177796335,2.498935955357982
Palustrine Scrub/Shrub Wetland,PSS,Estuarine Forested Wetland,EFW,Palustrine Scrub/Shrub Wetland to Estuarine Forested Wetland,PSS_EFW,NA,NA,NA,NA,NA,NA,NA,NA,NA,NA,NA,NA,NA,NA,NA,NA
Palustrine Scrub/Shrub Wetland,PSS,Estuarine Scrub/Shrub Wetland,ESS,Palustrine Scrub/Shrub Wetland to Estuarine Scrub/Shrub Wetland,PSS_ESS,0.09420403928897306,-1.2093683782009221,1.037930135010547,2.247298513211469,1.9888443687093038,1.460282358539691,2.8736238126440328,1.4133414541043419,0,0,0,0,-1.9129659872965799,-3.4373913042363236,-0.9641273667805463,2.473263937455777
Palustrine Scrub/Shrub Wetland,PSS,Evergreen Forest,EVR,Palustrine Scrub/Shrub Wetland to Evergreen Forest,PSS_EVR,43.891899625394174,34.789825341575025,54.001813304406944,19.21198796283192,1.25420740108556,1.0564208123037928,1.485377141116544,0.42895632881275114,44.10580952162634,35.221116830669715,54.09058843983613,18.869471609166418,-1.4412035656906592,-2.9395474525765435,-0.6693364713069727,2.270210981269571
Palustrine Scrub/Shrub Wetland,PSS,Grassland,GRS,Palustrine Scrub/Shrub Wetland to Grassland,PSS_GRS,-4.6457874266375025,-10.145895673659131,-1.821144554114367,8.324751119544764,1.3990055884092696,1.1783166088405472,1.6619794175140699,0.4836628086735226,-4.3016903619198334,-9.560312537499932,-1.6923395530443306,7.8679729844556014,-1.6066203536330868,-3.2566751329872914,-0.7484547473916114,2.50822038559568
Palustrine Scrub/Shrub Wetland,PSS,High Intensity Developed,HID,Palustrine Scrub/Shrub Wetland to High Intensity Developed,PSS_HID,-97.26391493427548,-158.0260247696846,-53.70578948803978,104.32023528164481,-89.52901355961927,-151.07263584944397,-46.85186359538749,104.22077225405647,-5.27154941556627,-10.808696400192106,-2.6232984072603482,8.185397992931758,-1.6667589782471834,-3.3192936508760207,-0.7836456822033612,2.5356479686726594
Palustrine Scrub/Shrub Wetland,PSS,Low Intensity Developed,LID,Palustrine Scrub/Shrub Wetland to Low Intensity Developed,PSS_LID,-71.92505714730824,-116.11984722875415,-38.956915546877774,77.16293168187639,-66.33667833922422,-110.8729159687136,-34.72680722086667,76.14610874784694,-3.927661606562932,-7.90583347076503,-1.9304441065289144,5.975389364236116,-1.2360216146187302,-2.4926620810584357,-0.5753152261039286,1.917346854954507
Palustrine Scrub/Shrub Wetland,PSS,Medium Intensity Developed,MID,Palustrine Scrub/Shrub Wetland to Medium Intensity Developed,PSS_MID,-76.19812697616452,-122.74555532549118,-42.01539878101343,80.73015654447775,-70.17558125359429,-117.5643360407726,-36.739198952109874,80.82513708866273,-4.132459952733733,-8.33567554969126,-2.0407544695006776,6.294921080190582,-1.3008068556942431,-2.7016602722086795,-0.6185960438894426,2.083064228319237
Palustrine Scrub/Shrub Wetland,PSS,Mixed Forest,MIX,Palustrine Scrub/Shrub Wetland to Mixed Forest,PSS_MIX,46.98940917728015,36.87370485474505,53.241642775099606,16.367937920354557,1.2916823230094892,1.077837673341988,1.586924508649056,0.5090868353070679,47.30327783153691,37.4055222547764,53.60803052224099,16.202508267464587,-1.5809422948456673,-3.1778558348804244,-0.8259680381590447,2.3518877967213796
Palustrine Scrub/Shrub Wetland,PSS,Palustrine Aquatic Bed,PAB,Palustrine Scrub/Shrub Wetland to Palustrine Aquatic Bed,PSS_PAB,-120.72745105727142,-252.17169146052726,-50.883204514993565,201.2884869455337,-111.50313008447205,-239.05579396173638,-45.51357710554157,193.5422168561948,-6.599806058516924,-15.878375715103857,-2.6684784850727103,13.209897230031146,-2.061184323612765,-4.981832204110501,-0.8239620989693999,4.157870105141101
Palustrine Scrub/Shrub Wetland,PSS,Palustrine Emergent Wetland,PEM,Palustrine Scrub/Shrub Wetland to Palustrine Emergent Wetland,PSS_PEM,-5.009170532460724,-10.817379118408422,-1.5294836547327266,9.287895463675696,2.7864739992432996,2.3354815758560976,3.3620916321177186,1.026610056261621,-4.30383800312867,-9.56127110162129,-1.7085509627341997,7.852720138887091,-3.2072665661284763,-6.599815908526512,-1.5348852708670575,5.0649306376594545
Palustrine Scrub/Shrub Wetland,PSS,Palustrine Forested Wetland,PFW,Palustrine Scrub/Shrub Wetland to Palustrine Forested Wetland,PSS_PFW,42.26122108901278,33.15417494977434,51.88668444782053,18.73250949804619,2.4223335098346706,2.051606997603793,2.871223352120234,0.819616354516441,42.78114288357365,33.951034617572866,52.22450723601574,18.273472618442874,-2.7839388694932987,-5.626270676226678,-1.3196803903347964,4.306590285891882
Palustrine Scrub/Shrub Wetland,PSS,Palustrine Scrub/Shrub Wetland,PSS,Palustrine Scrub/Shrub Wetland to Palustrine Scrub/Shrub Wetland,PSS_PSS,-0.23659715238146273,-2.2878320701901855,0.8432172291637003,3.1310492993538857,1.7574125974224528,1.525727481443967,2.0583437379730176,0.5326162565290506,0,0,0,0,-2.0204221633476953,-4.089321316318236,-0.957731061720278,3.1315902545979575
Palustrine Scrub/Shrub Wetland,PSS,Pasture/Hay,PAST,Palustrine Scrub/Shrub Wetland to Pasture/Hay,PSS_PAST,-69.00245460491404,-112.82753544209338,-37.89302394163909,74.93451150045428,-64.40253635351624,-107.65947577630017,-33.87491214648186,73.78456362981831,-3.197919843912526,-7.165011433662982,-1.3010649971459287,5.863946436517053,-1.1932900798890622,-2.4180753382317763,-0.5552865564938139,1.8627887817379625
Palustrine Scrub/Shrub Wetland,PSS,Scrub/Shrub,SS,Palustrine Scrub/Shrub Wetland to Scrub/Shrub,PSS_SS,-0.18852218814635952,-1.4139112903659101,0.5732430786118672,1.9871543689777773,1.1239567590625739,0.9483976382658065,1.3430999438657807,0.3947023055999742,0,0,0,0,-1.3028452390793608,-2.5244139526401455,-0.5916088671128132,1.9328050855273322
Palustrine Scrub/Shrub Wetland,PSS,Snow/Ice,SNOW,Palustrine Scrub/Shrub Wetland to Snow/Ice,PSS_SNOW,NA,NA,NA,NA,NA,NA,NA,NA,NA,NA,NA,NA,NA,NA,NA,NA
Palustrine Scrub/Shrub Wetland,PSS,Unconsolidated Shore,UCS,Palustrine Scrub/Shrub Wetland to Unconsolidated Shore,PSS_UCS,-77.76026547284901,-127.1987111870004,-41.376797037960344,85.82191414904005,-71.34612603518556,-121.59544144912584,-36.37385441377583,85.22158703535001,-4.211013565190168,-8.575503992477394,-2.0569882229221887,6.518515769555205,-1.3129353939726345,-2.7274794637239808,-0.6182092269635021,2.1092702367604788
Palustrine Scrub/Shrub Wetland,PSS,Water,OW,Palustrine Scrub/Shrub Wetland to Water,PSS_OW,-80.65517446188252,-130.22817823673344,-44.114685951407964,86.11349228532548,-74.37098083636982,-123.81477409353965,-39.51969365789422,84.29508043564543,-4.398587718373173,-8.807621642622049,-2.1522588650607823,6.655362777561267,-1.3772486857567232,-2.810283416381979,-0.6496461975391805,2.1606372188427985
Pasture/Hay,PAST,Estuarine Emergent Wetland,EEM,Pasture/Hay to Estuarine Emergent Wetland,PAST_EEM,0.33064478813051495,-0.2883394572190843,0.9399745841634863,1.2283140413825706,1.1909577957704554,0.9858494646079472,1.4181650349470616,0.4323155703391144,0,0,0,0,-0.8593349076378566,-1.4352847384407879,-0.28181538524323996,1.153469353197548
Pasture/Hay,PAST,Estuarine Forested Wetland,EFW,Pasture/Hay to Estuarine Forested Wetland,PAST_EFW,NA,NA,NA,NA,NA,NA,NA,NA,NA,NA,NA,NA,NA,NA,NA,NA
Pasture/Hay,PAST,Estuarine Scrub/Shrub Wetland,ESS,Pasture/Hay to Estuarine Scrub/Shrub Wetland,PAST_ESS,3.3786072771575237,1.292672747920439,7.397580982676784,6.104908234756345,0.9944221843546556,0.7301411792698463,1.4368119063220164,0.70667072705217,3.0992175741031156,1.1406980331407126,7.076245935243399,5.9355479021026865,-0.7181421298707937,-1.3437785406643776,-0.2221428821439926,1.121635658520385
Pasture/Hay,PAST,Palustrine Emergent Wetland,PEM,Pasture/Hay to Palustrine Emergent Wetland,PAST_PEM,-0.1841342837944683,-1.8872633711581335,0.6857130828908311,2.5729764540489644,1.3932369996216503,1.1677407879280484,1.6810458160588588,0.5133050281308105,0,0,0,0,-1.603633283064239,-3.2999079542632583,-0.7674426354335249,2.5324653188297335
Pasture/Hay,PAST,Palustrine Forested Wetland,PFW,Pasture/Hay to Palustrine Forested Wetland,PAST_PFW,46.304834968447494,38.31491406509774,56.033595985934085,17.718681920836346,1.2111667549173355,1.0258034988018938,1.435611676060121,0.40980817725822716,46.50899785207649,38.57035427066432,56.15757516696593,17.58722089630161,-1.391969434746645,-2.813135338113334,-0.6598401951673949,2.1532951429459395
Pasture/Hay,PAST,Palustrine Scrub/Shrub Wetland,PSS,Pasture/Hay to Palustrine Scrub/Shrub Wetland,PAST_PSS,3.6650676529276227,0.844681503279471,8.557946717405065,7.7132652141255935,1.2598496860364277,1.0517324736724025,1.527500509025406,0.4757680353530034,3.8676157468008814,1.5348584117066424,8.531930883033146,6.997072471326504,-1.4428991451387663,-2.9402562895957582,-0.6755388289559433,2.264717460639815
Scrub/Shrub,SS,Estuarine Emergent Wetland,EEM,Scrub/Shrub to Estuarine Emergent Wetland,SS_EEM,-3.341428861083976,-7.951655795058189,-1.0642425314364241,6.887413263621765,1.190957795770454,0.9858494646079451,1.418165034947061,0.43231557033911583,-3.6317678666979027,-8.063786581834286,-1.4496040288962015,6.614182552938084,-0.8593349076378569,-1.4352847384407894,-0.2818153852432406,1.1534693531975488
Scrub/Shrub,SS,Estuarine Forested Wetland,EFW,Scrub/Shrub to Estuarine Forested Wetland,SS_EFW,41.47877835679101,32.552022736882805,51.533259559709926,18.98123682282712,1.1598349932232086,0.9462112228246163,1.4034928546941148,0.45728163186949844,41.14357746270584,32.26447532995471,51.29183501178408,19.027359681829367,-0.8388285715077687,-1.4008272690850179,-0.2854928510994222,1.1153344179855957
Scrub/Shrub,SS,Estuarine Scrub/Shrub Wetland,ESS,Scrub/Shrub to Estuarine Scrub/Shrub Wetland,SS_ESS,0.28090889716276757,-0.23141568123571446,0.82007388415156,1.0514895653872744,0.9944221843546532,0.7301411792698487,1.4368119063220177,0.706670727052169,0,0,0,0,-0.718142129870794,-1.3437785406643743,-0.2221428821439923,1.121635658520382
Scrub/Shrub,SS,Palustrine Emergent Wetland,PEM,Scrub/Shrub to Palustrine Emergent Wetland,SS_PEM,-4.630193783448714,-10.14087640659308,-1.7947738665269755,8.346102540066104,1.3932369996216498,1.1677407879280493,1.6810458160588673,0.513305028130818,-4.303838003128671,-9.561271101621264,-1.7085509627342002,7.852720138887063,-1.6036332830642417,-3.299907954263256,-0.7674426354335286,2.5324653188297273
Scrub/Shrub,SS,Palustrine Forested Wetland,PFW,Scrub/Shrub to Palustrine Forested Wetland,SS_PFW,42.654208374983334,33.49684142309804,51.80436362672805,18.307522203630008,1.2111667549173382,1.025803498801897,1.4356116760601194,0.4098081772582225,42.78114288357378,33.951034617572816,52.22450723601573,18.273472618442916,-1.3919694347466471,-2.8131353381133284,-0.6598401951673968,2.1532951429459315
Scrub/Shrub,SS,Palustrine Scrub/Shrub Wetland,PSS,Scrub/Shrub to Palustrine Scrub/Shrub Wetland,SS_PSS,-0.16848499196055738,-1.6913866894948502,0.6067877049080781,2.2981743944029285,1.2598496860364263,1.0517324736724016,1.5275005090254072,0.4757680353530056,0,0,0,0,-1.4428991451387656,-2.9402562895957596,-0.675538828955945,2.2647174606398144
Snow/Ice,SNOW,Estuarine Emergent Wetland,EEM,Snow/Ice to Estuarine Emergent Wetland,SNOW_EEM,NA,NA,NA,NA,NA,NA,NA,NA,NA,NA,NA,NA,NA,NA,NA,NA
Snow/Ice,SNOW,Estuarine Forested Wetland,EFW,Snow/Ice to Estuarine Forested Wetland,SNOW_EFW,NA,NA,NA,NA,NA,NA,NA,NA,NA,NA,NA,NA,NA,NA,NA,NA
Snow/Ice,SNOW,Estuarine Scrub/Shrub Wetland,ESS,Snow/Ice to Estuarine Scrub/Shrub Wetland,SNOW_ESS,NA,NA,NA,NA,NA,NA,NA,NA,NA,NA,NA,NA,NA,NA,NA,NA
Snow/Ice,SNOW,Palustrine Emergent Wetland,PEM,Snow/Ice to Palustrine Emergent Wetland,SNOW_PEM,NA,NA,NA,NA,NA,NA,NA,NA,NA,NA,NA,NA,NA,NA,NA,NA
Snow/Ice,SNOW,Palustrine Forested Wetland,PFW,Snow/Ice to Palustrine Forested Wetland,SNOW_PFW,NA,NA,NA,NA,NA,NA,NA,NA,NA,NA,NA,NA,NA,NA,NA,NA
Snow/Ice,SNOW,Palustrine Scrub/Shrub Wetland,PSS,Snow/Ice to Palustrine Scrub/Shrub Wetland,SNOW_PSS,NA,NA,NA,NA,NA,NA,NA,NA,NA,NA,NA,NA,NA,NA,NA,NA
Unconsolidated Shore,UCS,Estuarine Emergent Wetland,EEM,Unconsolidated Shore to Estuarine Emergent Wetland,UCS_EEM,1.0245157494342418,0.39384566725399983,1.6488101972564613,1.2549645300024614,1.1909577957704562,0.985849464607947,1.4181650349470618,0.43231557033911483,0.6926302535155027,0.6191527351731525,0.7646209069097393,0.14546817173658677,-0.8593349076378576,-1.4352847384407899,-0.28181538524323985,1.15346935319755
Unconsolidated Shore,UCS,Estuarine Forested Wetland,EFW,Unconsolidated Shore to Estuarine Forested Wetland,UCS_EFW,45.93445813480571,37.305986146615155,55.96660382025644,18.660617673641283,1.15983499322321,0.9462112228246199,1.4034928546941132,0.45728163186949333,45.605320676437145,36.87559868617533,55.42892898923748,18.553330303062147,-0.8388285715077672,-1.400827269085015,-0.2854928510994228,1.1153344179855922
Unconsolidated Shore,UCS,Estuarine Scrub/Shrub Wetland,ESS,Unconsolidated Shore to Estuarine Scrub/Shrub Wetland,UCS_ESS,3.9561585735852276,1.7982700834659089,8.358777926964244,6.5605078434983355,0.9944221843546533,0.7301411792698466,1.4368119063220177,0.7066707270521712,3.698052881182876,1.6611562659414216,7.758946978494138,6.097790712552716,-0.7181421298707933,-1.3437785406643772,-0.22214288214399264,1.1216356585203846
Unconsolidated Shore,UCS,Palustrine Emergent Wetland,PEM,Unconsolidated Shore to Palustrine Emergent Wetland,UCS_PEM,0.6153163640682235,-1.040054403471392,1.498250865814598,2.53830526928599,1.3932369996216512,1.167740787928047,1.6810458160588622,0.5133050281308151,0.8109422728880828,0.7230371850639716,0.9080202004365682,0.18498301537259654,-1.6036332830642404,-3.2999079542632512,-0.7674426354335254,2.532465318829726
Unconsolidated Shore,UCS,Palustrine Forested Wetland,PFW,Unconsolidated Shore to Palustrine Forested Wetland,UCS_PFW,47.015345375597555,39.00952454133272,56.748119237225886,17.738594695893163,1.2111667549173364,1.025803498801894,1.435611676060121,0.40980817725822694,47.204517878095366,39.28266569582924,56.849362410864266,17.56669671503503,-1.391969434746646,-2.813135338113335,-0.6598401951673959,2.153295142945939
Unconsolidated Shore,UCS,Palustrine Scrub/Shrub Wetland,PSS,Unconsolidated Shore to Palustrine Scrub/Shrub Wetland,UCS_PSS,4.367067764911917,1.546710859881431,9.314793950979784,7.768083091098353,1.2598496860364272,1.0517324736724027,1.5275005090254066,0.4757680353530038,4.577911452052699,2.2758804324508537,9.291318493519846,7.015438061068992,-1.4428991451387656,-2.940256289595757,-0.6755388289559449,2.264717460639812
Water,OW,Estuarine Emergent Wetland,EEM,Water to Estuarine Emergent Wetland,OW_EEM,1.0245157494342414,0.3938456672539993,1.6488101972564646,1.2549645300024652,1.190957795770457,0.9858494646079468,1.4181650349470587,0.43231557033911194,0.6926302535155011,0.6191527351731536,0.7646209069097405,0.14546817173658688,-0.8593349076378576,-1.435284738440788,-0.2818153852432398,1.1534693531975484
Water,OW,Estuarine Forested Wetland,EFW,Water to Estuarine Forested Wetland,OW_EFW,NA,NA,NA,NA,NA,NA,NA,NA,NA,NA,NA,NA,NA,NA,NA,NA
Water,OW,Estuarine Scrub/Shrub Wetland,ESS,Water to Estuarine Scrub/Shrub Wetland,OW_ESS,3.9561585735852303,1.7982700834659076,8.358777926964244,6.560507843498336,0.9944221843546549,0.7301411792698467,1.4368119063220157,0.706670727052169,3.6980528811828806,1.6611562659414196,7.758946978494146,6.097790712552726,-0.7181421298707931,-1.3437785406643772,-0.22214288214399278,1.1216356585203844
Water,OW,Palustrine Emergent Wetland,PEM,Water to Palustrine Emergent Wetland,OW_PEM,0.6153163640682232,-1.0400544034713914,1.4982508658145965,2.538305269285988,1.3932369996216534,1.1677407879280488,1.6810458160588655,0.5133050281308167,0.8109422728880831,0.7230371850639717,0.9080202004365682,0.18498301537259643,-1.6036332830642412,-3.2999079542632512,-0.7674426354335265,2.5324653188297246
Water,OW,Palustrine Forested Wetland,PFW,Water to Palustrine Forested Wetland,OW_PFW,47.01534537559749,39.00952454133284,56.74811923722608,17.73859469589324,1.2111667549173337,1.0258034988018967,1.4356116760601174,0.4098081772582207,47.2045178780954,39.28266569582918,56.84936241086415,17.566696715034972,-1.3919694347466436,-2.813135338113333,-0.6598401951673941,2.1532951429459386
Water,OW,Palustrine Scrub/Shrub Wetland,PSS,Water to Palustrine Scrub/Shrub Wetland,OW_PSS,4.367067764911921,1.5467108598814316,9.314793950979785,7.768083091098354,1.2598496860364283,1.0517324736724032,1.527500509025406,0.4757680353530027,4.577911452052694,2.275880432450855,9.291318493519872,7.015438061069018,-1.4428991451387643,-2.940256289595757,-0.6755388289559422,2.264717460639815
