<?xml version="1.0" encoding="UTF-8"?>
<eml:eml packageId="knb-lter-gce.627.4"
  system="https://pasta.edirepository.org"
  xmlns:ds="eml://ecoinformatics.org/dataset-2.1.0"
  xmlns:eml="eml://ecoinformatics.org/eml-2.1.0"
  xmlns:stmml="http://www.xml-cml.org/schema/stmml-1.1"
  xmlns:xsi="http://www.w3.org/2001/XMLSchema-instance" xsi:schemaLocation="eml://ecoinformatics.org/eml-2.1.0 http://gce-lter.marsci.uga.edu/public/files/schemas/eml-210/eml.xsd">
  <access authSystem="https://pasta.edirepository.org/authentication"
    order="allowFirst" scope="document" system="https://pasta.edirepository.org">
    <allow>
      <principal>uid=GCE,o=lter,dc=ecoinformatics,dc=org</principal>
      <permission>all</permission>
    </allow>
    <allow>
      <principal>public</principal>
      <permission>read</permission>
    </allow>
  </access>
  <dataset>
    <alternateIdentifier>PLT-GCED-1711a.1.0</alternateIdentifier>
    <alternateIdentifier system="https://doi.org">doi:10.6073/pasta/95771dba9e839a57c74b9ae806569877</alternateIdentifier>
    <title>Forest survey of species richness and basal area for two tidal forest plots at GCE 11 on the Altamaha River in Southeast Georgia in December 2013</title>
    <creator id="GCE-LTER">
      <organizationName>Georgia Coastal Ecosystems LTER Project</organizationName>
      <address>
        <deliveryPoint>Dept. of Marine Sciences</deliveryPoint>
        <deliveryPoint>University of Georgia</deliveryPoint>
        <city>Athens</city>
        <administrativeArea>Georgia</administrativeArea>
        <postalCode>30602-3636</postalCode>
        <country>USA</country>
      </address>
      <electronicMailAddress>gcelter@uga.edu</electronicMailAddress>
      <onlineUrl>http://gce-lter.marsci.uga.edu/</onlineUrl>
    </creator>
    <creator>
      <individualName>
        <salutation>Dr.</salutation>
        <givenName>Christopher</givenName>
        <givenName>B.</givenName>
        <surName>Craft</surName>
      </individualName>
      <organizationName>Indiana University at Bloomington</organizationName>
      <address>
        <deliveryPoint>Indiana University - School of Public and Environmental Affairs</deliveryPoint>
        <deliveryPoint>Room 408. MSB II.</deliveryPoint>
        <deliveryPoint>702 N. Walnut Grove Ave.</deliveryPoint>
        <city>Bloomington</city>
        <administrativeArea>Indiana</administrativeArea>
        <postalCode>47405</postalCode>
        <country>USA</country>
      </address>
      <electronicMailAddress>ccraft@indiana.edu</electronicMailAddress>
      <onlineUrl>http://www.indiana.edu/~craftlab/</onlineUrl>
    </creator>
    <metadataProvider>
      <references>GCE-LTER</references>
    </metadataProvider>
    <associatedParty>
      <individualName>
        <givenName>McKenna</givenName>
        <surName>Stahl</surName>
      </individualName>
      <organizationName>Indiana University</organizationName>
      <electronicMailAddress>mestahl@indiana.edu</electronicMailAddress>
      <role>graduate student investigator</role>
    </associatedParty>
    <associatedParty>
      <individualName>
        <givenName>Sarah</givenName>
        <surName>Widney</surName>
      </individualName>
      <organizationName>Indiana University</organizationName>
      <electronicMailAddress>sewidney@indiana.edu</electronicMailAddress>
      <role>lab assistant</role>
    </associatedParty>
    <associatedParty>
      <individualName>
        <givenName>Dontrece</givenName>
        <surName>Smith</surName>
      </individualName>
      <organizationName>University of Georgia Marine Institute</organizationName>
      <electronicMailAddress>dtsmith@uga.edu</electronicMailAddress>
      <role>field technician</role>
    </associatedParty>
    <pubDate>2018</pubDate>
    <abstract>
      <para>We established two 0.1-ha plots in the Site 11 tidal forest in December 2013 to monitor forest composition. In each plot, we identified the species and measured DBH (diameter at breast height) of every tree using standard diameter tapes. We also used the DBH measurements to calculate the basal area of each tree.</para>
    </abstract>
    <keywordSet>
      <keyword keywordType="place">Georgia</keyword>
      <keyword keywordType="place">Sapelo Island</keyword>
      <keyword keywordType="place">USA</keyword>
      <keyword keywordType="taxonomic">Acer rubrum</keyword>
      <keyword keywordType="taxonomic">Fraxinus pennsylanica</keyword>
      <keyword keywordType="taxonomic">Liquidambar styraciflua</keyword>
      <keyword keywordType="taxonomic">Nyssa aquatica</keyword>
      <keyword keywordType="taxonomic">Nyssa biflora</keyword>
      <keyword keywordType="taxonomic">Taxodium distichum</keyword>
      <keyword keywordType="theme">BDH</keyword>
      <keyword keywordType="theme">Carpinus caroliniana</keyword>
      <keyword keywordType="theme">GCE</keyword>
      <keyword keywordType="theme">Georgia Coastal Ecosystems</keyword>
      <keyword keywordType="theme">LTER</keyword>
      <keyword keywordType="theme">Magnolia virginiana</keyword>
      <keyword keywordType="theme">Quercus</keyword>
      <keyword keywordType="theme">Quercus lyrata</keyword>
      <keyword keywordType="theme">tidal forest</keyword>
      <keywordThesaurus>GCE-LTER Controlled Vocabulary</keywordThesaurus>
    </keywordSet>
    <keywordSet>
      <keyword keywordType="taxonomic">Angiospermae</keyword>
      <keyword keywordType="taxonomic">Asteranae</keyword>
      <keyword keywordType="taxonomic">Cornales</keyword>
      <keyword keywordType="taxonomic">Cupressaceae</keyword>
      <keyword keywordType="taxonomic">Cupressales</keyword>
      <keyword keywordType="taxonomic">Gymnospermae</keyword>
      <keyword keywordType="taxonomic">Magnoliopsida</keyword>
      <keyword keywordType="taxonomic">Nyssa aquatica</keyword>
      <keyword keywordType="taxonomic">Nyssa sylvatica</keyword>
      <keyword keywordType="taxonomic">Nyssaceae</keyword>
      <keyword keywordType="taxonomic">Pinopsida</keyword>
      <keyword keywordType="taxonomic">Plantae</keyword>
      <keyword keywordType="taxonomic">Spermatophytina</keyword>
      <keyword keywordType="taxonomic">Streptophyta</keyword>
      <keyword keywordType="taxonomic">Taxodium distichum</keyword>
      <keyword keywordType="taxonomic">Tracheophyta</keyword>
      <keyword keywordType="taxonomic">Viridaeplantae</keyword>
      <keywordThesaurus>GCE-LTER Species List</keywordThesaurus>
    </keywordSet>
    <keywordSet>
      <keyword keywordType="theme">basal area</keyword>
      <keyword keywordType="theme">productivity</keyword>
      <keyword keywordType="theme">species composition</keyword>
      <keywordThesaurus>LTER Controlled Vocabulary</keywordThesaurus>
    </keywordSet>
    <keywordSet>
      <keyword keywordType="theme">Primary Production</keyword>
      <keywordThesaurus>LTER Core Research Areas</keywordThesaurus>
    </keywordSet>
    <intellectualRights>
      <para>This information is licensed under a Creative Commons Attribution 4.0 International License (see: https://creativecommons.org/licenses/by/4.0/). The consumer of these data ("Data User" herein) has an ethical obligation to cite it appropriately in any publication that results from its use. The Data User should realize that these data may be actively used by others for ongoing research and that coordination may be necessary to prevent duplicate publication. The Data User is urged to contact the authors of these data if any questions about methodology or results occur. Where appropriate, the Data User is encouraged to consider collaboration or co-authorship with the authors. The Data User should realize that misinterpretation of data may occur if used out of context of the original study. While substantial efforts are made to ensure the accuracy of data and associated documentation, complete accuracy of data sets cannot be guaranteed. All data are made available "as is." The Data User should be aware, however, that data are updated periodically and it is the responsibility of the Data User to check for new versions of the data. The data authors and the repository where these data were obtained shall not be liable for damages resulting from any use or misinterpretation of the data.</para>
    </intellectualRights>
    <distribution>
      <online>
        <url function="information">http://gce-lter.marsci.uga.edu/public/app/dataset_details.asp?accession=PLT-GCED-1711a</url>
      </online>
    </distribution>
    <coverage>
      <geographicCoverage>
        <geographicDescription>Overall bounding box describing the geographic region within the Georgia Coastal Ecosystems LTER study domain represented in data set PLT-GCED-1711a, based on the maximum geographic extents of all site polygons referenced in the data set</geographicDescription>
        <boundingCoordinates>
          <westBoundingCoordinate>-81.501063</westBoundingCoordinate>
          <eastBoundingCoordinate>-81.490727</eastBoundingCoordinate>
          <northBoundingCoordinate>31.382527</northBoundingCoordinate>
          <southBoundingCoordinate>31.373870</southBoundingCoordinate>
        </boundingCoordinates>
      </geographicCoverage>
      <temporalCoverage>
        <rangeOfDates>
          <beginDate>
            <calendarDate>2013-12-01</calendarDate>
          </beginDate>
          <endDate>
            <calendarDate>2013-12-31</calendarDate>
          </endDate>
        </rangeOfDates>
      </temporalCoverage>
      <taxonomicCoverage>
        <generalTaxonomicCoverage>C.L. Brown and L.K. Kirkman. 1990. Trees of Georgia and adjacent states. Timber Press, Inc, Portland, Oregon.</generalTaxonomicCoverage>
        <taxonomicClassification>
          <taxonRankName>Kingdom</taxonRankName>
          <taxonRankValue>Plantae</taxonRankValue>
          <taxonomicClassification>
            <taxonRankName>Subkingdom</taxonRankName>
            <taxonRankValue>Viridaeplantae</taxonRankValue>
            <taxonomicClassification>
              <taxonRankName>Infrakingdom</taxonRankName>
              <taxonRankValue>Streptophyta</taxonRankValue>
              <taxonomicClassification>
                <taxonRankName>Division</taxonRankName>
                <taxonRankValue>Tracheophyta</taxonRankValue>
                <taxonomicClassification>
                  <taxonRankName>Subdivision</taxonRankName>
                  <taxonRankValue>Spermatophytina</taxonRankValue>
                  <taxonomicClassification>
                    <taxonRankName>Infradivision</taxonRankName>
                    <taxonRankValue>Angiospermae</taxonRankValue>
                    <taxonomicClassification>
                      <taxonRankName>Class</taxonRankName>
                      <taxonRankValue>Magnoliopsida</taxonRankValue>
                      <taxonomicClassification>
                        <taxonRankName>Superorder</taxonRankName>
                        <taxonRankValue>Asteranae</taxonRankValue>
                        <taxonomicClassification>
                          <taxonRankName>Order</taxonRankName>
                          <taxonRankValue>Cornales</taxonRankValue>
                          <taxonomicClassification>
                            <taxonRankName>Family</taxonRankName>
                            <taxonRankValue>Nyssaceae</taxonRankValue>
                            <taxonomicClassification>
                              <taxonRankName>Genus</taxonRankName>
                              <taxonRankValue>Nyssa</taxonRankValue>
                              <taxonomicClassification>
                                <taxonRankName>Species</taxonRankName>
                                <taxonRankValue>Nyssa aquatica</taxonRankValue>
                                <commonName>water tupelo</commonName>
                              </taxonomicClassification>
                            </taxonomicClassification>
                          </taxonomicClassification>
                        </taxonomicClassification>
                      </taxonomicClassification>
                    </taxonomicClassification>
                  </taxonomicClassification>
                </taxonomicClassification>
              </taxonomicClassification>
            </taxonomicClassification>
          </taxonomicClassification>
        </taxonomicClassification>
        <taxonomicClassification>
          <taxonRankName>Kingdom</taxonRankName>
          <taxonRankValue>Plantae</taxonRankValue>
          <taxonomicClassification>
            <taxonRankName>Subkingdom</taxonRankName>
            <taxonRankValue>Viridaeplantae</taxonRankValue>
            <taxonomicClassification>
              <taxonRankName>Infrakingdom</taxonRankName>
              <taxonRankValue>Streptophyta</taxonRankValue>
              <taxonomicClassification>
                <taxonRankName>Division</taxonRankName>
                <taxonRankValue>Tracheophyta</taxonRankValue>
                <taxonomicClassification>
                  <taxonRankName>Subdivision</taxonRankName>
                  <taxonRankValue>Spermatophytina</taxonRankValue>
                  <taxonomicClassification>
                    <taxonRankName>Infradivision</taxonRankName>
                    <taxonRankValue>Angiospermae</taxonRankValue>
                    <taxonomicClassification>
                      <taxonRankName>Class</taxonRankName>
                      <taxonRankValue>Magnoliopsida</taxonRankValue>
                      <taxonomicClassification>
                        <taxonRankName>Superorder</taxonRankName>
                        <taxonRankValue>Asteranae</taxonRankValue>
                        <taxonomicClassification>
                          <taxonRankName>Order</taxonRankName>
                          <taxonRankValue>Cornales</taxonRankValue>
                          <taxonomicClassification>
                            <taxonRankName>Family</taxonRankName>
                            <taxonRankValue>Nyssaceae</taxonRankValue>
                            <taxonomicClassification>
                              <taxonRankName>Genus</taxonRankName>
                              <taxonRankValue>Nyssa</taxonRankValue>
                              <taxonomicClassification>
                                <taxonRankName>Species</taxonRankName>
                                <taxonRankValue>Nyssa sylvatica</taxonRankValue>
                                <commonName>black gum, black tupelo, blackgum</commonName>
                              </taxonomicClassification>
                            </taxonomicClassification>
                          </taxonomicClassification>
                        </taxonomicClassification>
                      </taxonomicClassification>
                    </taxonomicClassification>
                  </taxonomicClassification>
                </taxonomicClassification>
              </taxonomicClassification>
            </taxonomicClassification>
          </taxonomicClassification>
        </taxonomicClassification>
        <taxonomicClassification>
          <taxonRankName>Kingdom</taxonRankName>
          <taxonRankValue>Plantae</taxonRankValue>
          <taxonomicClassification>
            <taxonRankName>Subkingdom</taxonRankName>
            <taxonRankValue>Viridaeplantae</taxonRankValue>
            <taxonomicClassification>
              <taxonRankName>Infrakingdom</taxonRankName>
              <taxonRankValue>Streptophyta</taxonRankValue>
              <taxonomicClassification>
                <taxonRankName>Division</taxonRankName>
                <taxonRankValue>Tracheophyta</taxonRankValue>
                <taxonomicClassification>
                  <taxonRankName>Subdivision</taxonRankName>
                  <taxonRankValue>Spermatophytina</taxonRankValue>
                  <taxonomicClassification>
                    <taxonRankName>Infradivision</taxonRankName>
                    <taxonRankValue>Gymnospermae</taxonRankValue>
                    <taxonomicClassification>
                      <taxonRankName>Class</taxonRankName>
                      <taxonRankValue>Pinopsida</taxonRankValue>
                      <taxonomicClassification>
                        <taxonRankName>Order</taxonRankName>
                        <taxonRankValue>Cupressales</taxonRankValue>
                        <taxonomicClassification>
                          <taxonRankName>Family</taxonRankName>
                          <taxonRankValue>Cupressaceae</taxonRankValue>
                          <taxonomicClassification>
                            <taxonRankName>Genus</taxonRankName>
                            <taxonRankValue>Taxodium</taxonRankValue>
                            <taxonomicClassification>
                              <taxonRankName>Species</taxonRankName>
                              <taxonRankValue>Taxodium distichum</taxonRankValue>
                              <commonName>baldcypress, bald cypress</commonName>
                            </taxonomicClassification>
                          </taxonomicClassification>
                        </taxonomicClassification>
                      </taxonomicClassification>
                    </taxonomicClassification>
                  </taxonomicClassification>
                </taxonomicClassification>
              </taxonomicClassification>
            </taxonomicClassification>
          </taxonomicClassification>
        </taxonomicClassification>
      </taxonomicCoverage>
    </coverage>
    <contact>
      <positionName>GCE-LTER Information Manager</positionName>
      <address>
        <deliveryPoint>Dept. of Marine Sciences</deliveryPoint>
        <deliveryPoint>University of Georgia</deliveryPoint>
        <city>Athens</city>
        <administrativeArea>Georgia</administrativeArea>
        <postalCode>30602-3636</postalCode>
        <country>USA</country>
      </address>
      <electronicMailAddress>gcelter@uga.edu</electronicMailAddress>
    </contact>
    <publisher>
      <references>GCE-LTER</references>
    </publisher>
    <methods>
      <methodStep>
        <description>
          <section>
            <title>DBH measurement</title>
            <para>In each 0.1-ha plot, we identified the species and measured DBH (diameter at breast height) of every tree using standard diameter tapes.</para>
          </section>
        </description>
        <protocol>
          <title>GCE 11 Tidal Forest Plot Layout and Tagged Trees</title>
          <creator>
            <organizationName>Georgia Coastal Ecosystems LTER</organizationName>
          </creator>
          <creator>
            <individualName>
              <givenName>Sarah</givenName>
              <surName>Widney</surName>
            </individualName>
            <electronicMailAddress>sewidney@indiana.edu</electronicMailAddress>
          </creator>
          <abstract>Map showing the layout of the tidal forest plots at GCE 11.  Tagged trees locations are also noted.</abstract>
          <distribution>
            <online>
              <url function="information">https://gce-lter.marsci.uga.edu/private/app/resource_details.asp?id=835</url>
            </online>
          </distribution>
        </protocol>
      </methodStep>
      <sampling>
        <studyExtent>
          <coverage>
            <temporalCoverage>
              <rangeOfDates>
                <beginDate>
                  <calendarDate>2013-12-01</calendarDate>
                </beginDate>
                <endDate>
                  <calendarDate>2013-12-31</calendarDate>
                </endDate>
              </rangeOfDates>
            </temporalCoverage>
          </coverage>
          <coverage>
            <geographicCoverage>
              <geographicDescription>GCE Study Site GCE11 -- Tidal Forest, Georgia, USA.  Tidal freshwater forest site established on Lewis Island in October 2014, adjacent to the Altamaha River in Southeast Georgia. A SeaBird SBE-37M MicroCAT sonde is deployed in Lewis Creek for long-term salinity, pressure and temperature monitoring. A Rod Sedimentation-Erosion Table (RSET) is also installed to monitor changes in elevation and dendrometer bands are installed on various trees to monitor tree growth at the site.</geographicDescription>
              <boundingCoordinates>
                <westBoundingCoordinate>-81.501063</westBoundingCoordinate>
                <eastBoundingCoordinate>-81.490727</eastBoundingCoordinate>
                <northBoundingCoordinate>31.382527</northBoundingCoordinate>
                <southBoundingCoordinate>31.373870</southBoundingCoordinate>
              </boundingCoordinates>
            </geographicCoverage>
          </coverage>
        </studyExtent>
        <samplingDescription>
          <section>
            <title>Species richness</title>
            <para>Two representative 0.1-ha plots were established and surveyed in December 2013.</para>
            <para>In each 0.1-ha plot, we identified the species and measured DBH (diameter at breast height) of every tree using standard diameter tapes.</para>
            <para>not specified</para>
          </section>
        </samplingDescription>
        <spatialSamplingUnits>
          <referencedEntityId>PLT-GCED-1711a.kml</referencedEntityId>
        </spatialSamplingUnits>
      </sampling>
    </methods>
    <project>
      <title>Georgia Coastal Ecosystems LTER Project III</title>
      <personnel>
        <individualName>
          <givenName>Merryl</givenName>
          <surName>Alber</surName>
        </individualName>
        <role>principalInvestigator</role>
      </personnel>
      <personnel>
        <individualName>
          <givenName>Steven</givenName>
          <givenName>C.</givenName>
          <surName>Pennings</surName>
        </individualName>
        <role>principalInvestigator</role>
      </personnel>
      <personnel>
        <individualName>
          <givenName>Wade</givenName>
          <givenName>M.</givenName>
          <surName>Sheldon</surName>
        </individualName>
        <role>informationManager</role>
      </personnel>
      <abstract>
        <para>The Georgia Coastal Ecosystems (GCE) LTER is located along three adjacent sounds on the Atlantic coast and includes both intertidal marshes and estuaries. Long-term drivers of climate change, sea level rise and human alterations of the landscape will cause transitions in dominant habitat types (state changes) within the GCE domain by changing the amounts and patterns of water delivery across the landscape. These changes in water delivery can be conceptualized as presses and pulses in river inflow, local runoff, groundwater input, and tidal inundation, which will in turn manifest themselves as changes in salinity and inundation patterns in the domain. The research proposed for GCE-III is designed to address how variations in salinity and inundation, driven by climate change and anthropogenic factors, affect biotic and ecosystem responses at different spatial and temporal scales, and to predict the consequences of these changes for habitat provisioning and carbon (C) sequestration across the coastal landscape. The goals are to: 1) Track long-term changes in climate and human actions in the watershed and adjacent uplands, and evaluate the effects of these drivers on domain boundary conditions. 2) Describe temporal and spatial variability in physical, chemical, geological and biological, and to evaluate how they are affected by variations in river inflow and other boundary conditions. 3) Characterize the responses of three dominant habitats in the domain to pulses and presses in salinity and inundation. 4) Describe patterns of habitat provisioning and C sequestration and export in the GCE domain, and to evaluate how these might be affected by changes in salinity and inundation. These efforts will be synthesized into a synoptic understanding of both biotic and ecosystem responses to variations in salinity and inundation driven by climate change and human activities, which will be used to assess thresholds between habitats and the potential for state changes in the domain.</para>
      </abstract>
      <funding>
        <para>NSF OCE 1237140</para>
      </funding>
    </project>
    <dataTable>
      <entityName>PLT-GCED-1711a</entityName>
      <entityDescription>Main data table for data set PLT-GCED-1711a</entityDescription>
      <physical>
        <objectName>PLT-GCED-1711a_1_0.CSV</objectName>
        <size unit="kilobyte">8.00</size>
        <characterEncoding>ASCII</characterEncoding>
        <dataFormat>
          <textFormat>
            <numHeaderLines>5</numHeaderLines>
            <numFooterLines>0</numFooterLines>
            <recordDelimiter>\r\n</recordDelimiter>
            <numPhysicalLinesPerRecord>1</numPhysicalLinesPerRecord>
            <attributeOrientation>column</attributeOrientation>
            <simpleDelimited>
              <fieldDelimiter>,</fieldDelimiter>
              <quoteCharacter>"</quoteCharacter>
            </simpleDelimited>
          </textFormat>
        </dataFormat>
        <distribution>
          <online>
            <onlineDescription>Spreadsheet comma-separated value (CSV) text file with a five line header containing the data set title, column titles, units and column types</onlineDescription>
            <url function="download">https://pasta.lternet.edu/package/data/eml/knb-lter-gce/627/4/dc935121c0dbbf887b4f43fe8c28f1a9</url>
          </online>
          <access
            authSystem="https://pasta.edirepository.org/authentication"
            order="allowFirst" scope="document" system="https://pasta.edirepository.org">
            <allow>
              <principal>uid=GCE,o=lter,dc=ecoinformatics,dc=org</principal>
              <permission>all</permission>
            </allow>
            <allow>
              <principal>public</principal>
              <permission>read</permission>
            </allow>
          </access>
        </distribution>
      </physical>
      <methods>
        <methodStep>
          <description>
            <para>Data file post-processing in the GCE-LTER Information Management Office</para>
          </description>
          <software>
            <title>GCE Data Toolbox for MATLAB(r)</title>
            <creator>
              <individualName>
                <salutation>Mr.</salutation>
                <givenName>Wade</givenName>
                <givenName>M.</givenName>
                <surName>Sheldon</surName>
              </individualName>
              <address>
                <deliveryPoint>Dept. of Marine Sciences</deliveryPoint>
                <deliveryPoint>University of Georgia</deliveryPoint>
                <city>Athens</city>
                <administrativeArea>Georgia</administrativeArea>
                <postalCode>30602-3636</postalCode>
                <country>USA</country>
              </address>
              <electronicMailAddress>sheldon@uga.edu</electronicMailAddress>
              <onlineUrl>http://gce-lter.marsci.uga.edu/public/app/personnel_bios.asp?id=wsheldon</onlineUrl>
            </creator>
            <associatedParty>
              <organizationName>Georgia Coastal Ecosystems LTER Project</organizationName>
              <address>
                <deliveryPoint>Dept. of Marine Sciences</deliveryPoint>
                <deliveryPoint>University of Georgia</deliveryPoint>
                <city>Athens</city>
                <administrativeArea>Georgia</administrativeArea>
                <postalCode>30602-3636</postalCode>
                <country>USA</country>
              </address>
              <electronicMailAddress>gcelter@uga.edu</electronicMailAddress>
              <role>sponsoring research program</role>
            </associatedParty>
            <abstract>
              <para>The GCE Data Toolbox is a comprehensive library of functions for metadata-based analysis
quality control, transformation and management of ecological data sets. The toolbox is based on the GCE Data 
Structure, a MATLAB specification for storing tabular data along with all information required to interpret 
the data and generate formatted metadata (documentation). Metadata fields in the structure are queried 
by toolbox functions for all operations, allowing functions to process and format values appropriately 
based on the type of information they represent. This semantic processing approach supports highly 
automated and intelligent data analysis and ensures data set validity throughout all processing steps.</para>
            </abstract>
            <implementation>
              <distribution>
                <online>
                  <url function="information">http://gce-lter.marsci.uga.edu/public/im/tools/toolbox_download.htm</url>
                </online>
              </distribution>
              <operatingSystem>Linux</operatingSystem>
              <operatingSystem>Microsoft Windows</operatingSystem>
              <operatingSystem>Sun Solaris</operatingSystem>
              <operatingSystem>Apple Macintosh OS/X</operatingSystem>
              <programmingLanguage>MATLAB</programmingLanguage>
            </implementation>
            <version>3.x</version>
          </software>
          <subStep>
            <description>
              <para>01/04/2018: new GCE Data Structure 1.1 created ("newstruct")</para>
            </description>
          </subStep>
          <subStep>
            <description>
              <para>01/04/2018: 235 rows imported from ASCII data file "PLT-GCED-1711a.txt" ("imp_ascii")</para>
            </description>
          </subStep>
          <subStep>
            <description>
              <para>01/04/2018: 83 metadata fields in file header parsed ("parse_header")</para>
            </description>
          </subStep>
          <subStep>
            <description>
              <para>01/04/2018: data structure validated ("gce_valid")</para>
            </description>
          </subStep>
          <subStep>
            <description>
              <para>01/04/2018: Q/C flagging criteria applied, "flags" field updated ("dataflag")</para>
            </description>
          </subStep>
          <subStep>
            <description>
              <para>01/04/2018: updated 1 metadata fields in the Dataset sections ("addmeta")</para>
            </description>
          </subStep>
          <subStep>
            <description>
              <para>01/04/2018: imported Dataset, Project, Site, Study, Status, Supplement metadata descriptors from the GCE Metabase ("imp_gcemetadata")</para>
            </description>
          </subStep>
          <subStep>
            <description>
              <para>01/04/2018: updated 57 metadata fields in the Dataset, Project, Site, Status, Study, Supplement sections ("addmeta")</para>
            </description>
          </subStep>
          <subStep>
            <description>
              <para>01/04/2018: Units of column Tree_Species changed from "species" to "none"; Units of column DBH changed from "centimeters" to "Centimeters"; Units of column BasalArea changed from "meters squared" to "square meter ("ui_editor")</para>
            </description>
          </subStep>
          <subStep>
            <description>
              <para>01/04/2018: copied/reordered columns Site_Code, Plot, Quadrant, Tree_Species, DBH, Tag_Number and BasalArea ("copycols")</para>
            </description>
          </subStep>
          <subStep>
            <description>
              <para>01/04/2018: replaced values of "Site11" in column(s) Site_Code with "GCE11", performing a full case-sensitive match ("string_replace")</para>
            </description>
          </subStep>
          <subStep>
            <description>
              <para>01/04/2018: 235 values in "Site_Code" were updated with new values ("update_data")</para>
            </description>
          </subStep>
          <subStep>
            <description>
              <para>01/04/2018: Q/C flagging criteria applied for column(s) Site_Code, "flags" field updated ("dataflag")</para>
            </description>
          </subStep>
          <subStep>
            <description>
              <para>01/04/2018: updated 4 metadata fields ("addmeta")</para>
            </description>
          </subStep>
          <subStep>
            <description>
              <para>01/04/2018: updated 15 metadata fields in the Status, Data sections to reflect attribute metadata ("updatecols")</para>
            </description>
          </subStep>
          <subStep>
            <description>
              <para>01/04/2018: parsed and formatted metadata ("listmeta")</para>
            </description>
          </subStep>
        </methodStep>
        <qualityControl>
          <description>
            <para>Quality control analysis was performed using the GCE Data Toolbox for MATLAB software. Column data types are validated upon importing the table into MATLAB, and qualifier flags are automatically generated for data values based on QA/QC criteria for each data column pre-defined in metadata templates (e.g. value range checks, sanity checks, pattern checks). Qualifier flags are also assigned to values that are imputed or derived, revised, or otherwise differ from values in the original data submission. A column of coded qualifier flags is generated and included in the data table if flags are assigned to any value in a data column.</para>
          </description>
        </qualityControl>
      </methods>
      <attributeList>
        <attribute id="PLT-GCED-1711a.1">
          <attributeName>Site_Code</attributeName>
          <attributeDefinition>GCE Site code</attributeDefinition>
          <storageType>string</storageType>
          <measurementScale>
            <nominal>
              <nonNumericDomain>
                <textDomain>
                  <definition>GCE Site code</definition>
                </textDomain>
              </nonNumericDomain>
            </nominal>
          </measurementScale>
        </attribute>
        <attribute id="PLT-GCED-1711a.2">
          <attributeName>Plot</attributeName>
          <attributeDefinition>0.1 hectare survey unit</attributeDefinition>
          <storageType>integer</storageType>
          <measurementScale>
            <nominal>
              <nonNumericDomain>
                <textDomain>
                  <definition>0.1 hectare survey unit</definition>
                </textDomain>
              </nonNumericDomain>
            </nominal>
          </measurementScale>
          <missingValueCode>
            <code>NaN</code>
            <codeExplanation>value not recorded or censored based on quality control analysis (see methods)</codeExplanation>
          </missingValueCode>
        </attribute>
        <attribute id="PLT-GCED-1711a.3">
          <attributeName>Quadrant</attributeName>
          <attributeDefinition>Region of plot distinguished by cardinal direction</attributeDefinition>
          <storageType>string</storageType>
          <measurementScale>
            <nominal>
              <nonNumericDomain>
                <enumeratedDomain>
                  <codeDefinition>
                    <code>N</code>
                    <definition>North</definition>
                  </codeDefinition>
                  <codeDefinition>
                    <code>E</code>
                    <definition>East</definition>
                  </codeDefinition>
                  <codeDefinition>
                    <code>W</code>
                    <definition>West</definition>
                  </codeDefinition>
                  <codeDefinition>
                    <code>S</code>
                    <definition>South</definition>
                  </codeDefinition>
                  <codeDefinition>
                    <code>NE</code>
                    <definition>Northeast</definition>
                  </codeDefinition>
                  <codeDefinition>
                    <code>NW</code>
                    <definition>Northwest</definition>
                  </codeDefinition>
                  <codeDefinition>
                    <code>SE</code>
                    <definition>Southeast</definition>
                  </codeDefinition>
                  <codeDefinition>
                    <code>SW</code>
                    <definition>Southwest</definition>
                  </codeDefinition>
                </enumeratedDomain>
              </nonNumericDomain>
            </nominal>
          </measurementScale>
        </attribute>
        <attribute id="PLT-GCED-1711a.4">
          <attributeName>Tree_Species</attributeName>
          <attributeDefinition>Individual tree species</attributeDefinition>
          <storageType>string</storageType>
          <measurementScale>
            <nominal>
              <nonNumericDomain>
                <enumeratedDomain>
                  <codeDefinition>
                    <code>AcRu</code>
                    <definition>Acer rubrum</definition>
                  </codeDefinition>
                  <codeDefinition>
                    <code>CaCa</code>
                    <definition>Carpinus caroliniana</definition>
                  </codeDefinition>
                  <codeDefinition>
                    <code>FrPe</code>
                    <definition>Fraxinus pennsylanica</definition>
                  </codeDefinition>
                  <codeDefinition>
                    <code>LiSt</code>
                    <definition>Liquidambar styraciflua</definition>
                  </codeDefinition>
                  <codeDefinition>
                    <code>MaVi</code>
                    <definition>Magnolia virginiana</definition>
                  </codeDefinition>
                  <codeDefinition>
                    <code>NyAq</code>
                    <definition>Nyssa aquatica</definition>
                  </codeDefinition>
                  <codeDefinition>
                    <code>NyBi</code>
                    <definition>Nyssa sylvatica var. biflora</definition>
                  </codeDefinition>
                  <codeDefinition>
                    <code>QuLy</code>
                    <definition>Quercus lyrata</definition>
                  </codeDefinition>
                  <codeDefinition>
                    <code>TaDi</code>
                    <definition>Taxodium distichum</definition>
                  </codeDefinition>
                  <codeDefinition>
                    <code>Oak</code>
                    <definition>Quercus spp.</definition>
                  </codeDefinition>
                </enumeratedDomain>
              </nonNumericDomain>
            </nominal>
          </measurementScale>
        </attribute>
        <attribute id="PLT-GCED-1711a.5">
          <attributeName>DBH</attributeName>
          <attributeDefinition>Tree diameter at breast height</attributeDefinition>
          <storageType>float</storageType>
          <measurementScale>
            <ratio>
              <unit>
                <standardUnit>centimeter</standardUnit>
              </unit>
              <precision>1</precision>
              <numericDomain>
                <numberType>real</numberType>
                <bounds>
                  <minimum exclusive="false">10</minimum>
                  <maximum exclusive="false">1000</maximum>
                </bounds>
              </numericDomain>
            </ratio>
          </measurementScale>
          <missingValueCode>
            <code>NaN</code>
            <codeExplanation>value not recorded or censored based on quality control analysis (see methods)</codeExplanation>
          </missingValueCode>
        </attribute>
        <attribute id="PLT-GCED-1711a.6">
          <attributeName>Tag_Number</attributeName>
          <attributeDefinition>Tag number on tree for identification in dendrometer band dataset</attributeDefinition>
          <storageType>integer</storageType>
          <measurementScale>
            <nominal>
              <nonNumericDomain>
                <textDomain>
                  <definition>Tag number on tree for identification in dendrometer band dataset</definition>
                </textDomain>
              </nonNumericDomain>
            </nominal>
          </measurementScale>
          <missingValueCode>
            <code>NaN</code>
            <codeExplanation>value not recorded or censored based on quality control analysis (see methods)</codeExplanation>
          </missingValueCode>
        </attribute>
        <attribute id="PLT-GCED-1711a.7">
          <attributeName>BasalArea</attributeName>
          <attributeDefinition>Cross sectional area of the tree at breast height</attributeDefinition>
          <storageType>float</storageType>
          <measurementScale>
            <ratio>
              <unit>
                <standardUnit>squareMeter</standardUnit>
              </unit>
              <precision>0.001</precision>
              <numericDomain>
                <numberType>real</numberType>
                <bounds>
                  <minimum exclusive="false">0</minimum>
                  <maximum exclusive="false">1</maximum>
                </bounds>
              </numericDomain>
            </ratio>
          </measurementScale>
          <missingValueCode>
            <code>NaN</code>
            <codeExplanation>value not recorded or censored based on quality control analysis (see methods)</codeExplanation>
          </missingValueCode>
          <methods>
            <methodStep>
              <description>
                <para>Calculations: Basal area = (pi/(4*10000)) * (DBH^2)</para>
              </description>
            </methodStep>
          </methods>
        </attribute>
      </attributeList>
      <numberOfRecords>235</numberOfRecords>
    </dataTable>
    <otherEntity id="PLT-GCED-1711a.kml">
      <entityName>PLT-GCED-1711a.kml</entityName>
      <entityDescription>Google Earth Keyhole Markup Language file describing the geographic locations sampled in data set knb-lter-gce.627.4</entityDescription>
      <physical>
        <objectName>PLT-GCED-1711a.kml</objectName>
        <dataFormat>
          <externallyDefinedFormat>
            <formatName>application/vnd.google-earth.kml+xml</formatName>
          </externallyDefinedFormat>
        </dataFormat>
        <distribution>
          <online>
            <url function="download">https://pasta.lternet.edu/package/data/eml/knb-lter-gce/627/4/dd4deba82491a0fe165f07489f0c844c</url>
          </online>
          <access
            authSystem="https://pasta.edirepository.org/authentication"
            order="allowFirst" scope="document" system="https://pasta.edirepository.org">
            <allow>
              <principal>uid=GCE,o=lter,dc=ecoinformatics,dc=org</principal>
              <permission>all</permission>
            </allow>
            <allow>
              <principal>public</principal>
              <permission>read</permission>
            </allow>
          </access>
        </distribution>
      </physical>
      <entityType>KML</entityType>
    </otherEntity>
  </dataset>
</eml:eml>
