study_id,site_id,plot_id,tree_id,live_or_dead,genus,species,dbh,tree_height,agb,tree_area_m2,n,tree_area_m2_to_forest_area_m2,plot_size_m2,agb_m2
simard_2006,Flamingo1,100,1,live,Avicennia,germinans,7.4,9.25,17071.99060309692,0.004300713500000001,18,0.009,0.4778570555555557,35726.14530771981
simard_2006,Flamingo1,100,2,live,Avicennia,germinans,13.5,15.11,72265.17855206826,0.014313459375000002,18,0.009,1.5903843750000004,45438.81321272931
simard_2006,Flamingo1,100,3,live,Avicennia,germinans,10.7,13.69,41366.53096798948,0.008991758374999999,18,0.009,0.9990842638888888,41404.44651482367
simard_2006,Flamingo1,100,4,live,Avicennia,germinans,11.4,15.7,48161.46387375026,0.0102067335,18,0.009,1.1340815000000002,42467.37458793769
simard_2006,Flamingo1,100,5,live,Avicennia,germinans,11,11.19,44204.906881624105,0.0095030375,18,0.009,1.0558930555555557,41864.947069252004
simard_2006,Flamingo1,100,6,live,Avicennia,germinans,12.7,15.4,62410.399986729906,0.012667313375000001,18,0.009,1.407479263888889,44341.96764951898
simard_2006,Flamingo1,100,7,live,Laguncularia,racemosa,13.2,17.44,105046.1757404831,0.013684374,18,0.009,1.520486,69087.23641025508
simard_2006,Flamingo1,100,8,live,Rhizophora,mangle,13.7,10.79,115707.49721800807,0.014740703374999999,18,0.009,1.6378559305555556,70645.71129816066
simard_2006,Flamingo1,100,9,live,Avicennia,germinans,17.3,14.67,131050.50027996748,0.023505488375,18,0.009,2.6117209305555558,50177.834372254656
simard_2006,Flamingo1,100,10,live,Avicennia,germinans,20.7,14.5,201584.3742027563,0.033652533374999995,18,0.009,3.7391703749999996,53911.52421150543
simard_2006,Flamingo1,100,11,live,Avicennia,germinans,14.1,20.06,80214.68937170562,0.015614040375000002,18,0.009,1.7348933750000004,46236.09181267731
simard_2006,Flamingo1,100,12,live,Laguncularia,racemosa,15.1,16.01,149014.3484213142,0.017907335375,18,0.009,1.9897039305555557,74892.72455711897
simard_2006,Flamingo1,100,13,live,Avicennia,germinans,13.2,16.74,68470.81079338568,0.013684374,18,0.009,1.520486,45032.187598824115
simard_2006,Flamingo1,100,14,live,Laguncularia,racemosa,8.6,11.35,22188.18415963574,0.005808633499999999,18,0.009,0.6454037222222222,34378.76695727518
simard_2006,Flamingo1,100,15,live,Laguncularia,racemosa,10.7,18.1,60853.53998401058,0.008991758374999999,18,0.009,0.9990842638888888,60909.31684494861
simard_2006,Flamingo1,100,16,live,Laguncularia,racemosa,28.1,17.88,749073.5407824302,0.06201399537500001,18,0.009,6.890443930555557,108711.94197817592
simard_2006,Flamingo1,100,17,live,Rhizophora,mangle,15.8,16,167647.25671147628,0.019606101500000004,18,0.009,2.178455722222223,76956.92641412093
simard_2006,Flamingo1,100,18,live,Laguncularia,racemosa,29.4,19.29,842541.0784149825,0.06788467349999999,18,0.009,7.5427415,111702.23431559766
simard_2006,Flamingo1,250,1,live,Laguncularia,racemosa,5.9,10.05,8649.791972690275,0.0027338903750000003,9,0.0045,0.6075311944444446,14237.609610482727
simard_2006,Flamingo1,250,2,live,Rhizophora,mangle,6.7,7.99,18017.001396369134,0.0035255483750000005,9,0.0045,0.7834551944444447,22996.84975494375
simard_2006,Flamingo1,250,3,live,Laguncularia,racemosa,13.5,10.72,111366.82112846817,0.014313459375000002,9,0.0045,3.180768750000001,35012.54881495806
simard_2006,Flamingo1,250,4,live,Laguncularia,racemosa,6.8,9.4,12335.248854342064,0.003631574,9,0.0045,0.8070164444444444,15285.003099080259
simard_2006,Flamingo1,250,5,live,Laguncularia,racemosa,29.2,16.18,827719.9806924534,0.06696421400000001,9,0.0045,14.880936444444448,55622.842270888745
simard_2006,Flamingo1,250,6,live,Rhizophora,mangle,27.2,12.56,688283.2102861946,0.058105184,9,0.0045,12.91226311111111,53304.61471884979
simard_2006,Flamingo1,250,7,live,Rhizophora,mangle,31.9,20.26,1041702.7271430301,0.079920545375,9,0.0045,17.760121194444444,58654.03257883656
simard_2006,Flamingo1,250,8,live,Laguncularia,racemosa,23.8,18.06,486393.89309848537,0.04448678150000001,9,0.0045,9.885951444444448,49200.51406603068
simard_2006,Flamingo1,250,9,live,Avicennia,germinans,51.3,19.48,1779957.824405674,0.206686353375,9,0.0045,45.93030075,38753.454589684436
simard_2006,Flamingo1,400,1,live,Laguncularia,racemosa,16.1,15.43,176049.70548240864,0.020357705375000004,20,0.01,2.0357705375000004,86478.16747490807
simard_2006,Flamingo1,400,2,live,Laguncularia,racemosa,34.2,14.19,1248406.1542352508,0.09186060150000001,20,0.01,9.186060150000001,135902.24033480237
simard_2006,Flamingo1,400,3,live,Laguncularia,racemosa,9.9,21.63,31547.40347369015,0.007697460375000001,20,0.01,0.7697460375000001,40984.17131986879
simard_2006,Flamingo1,400,4,live,Laguncularia,racemosa,18.3,16.27,245618.37766692735,0.026301423375000008,20,0.01,2.6301423375000006,93385.96400846967
simard_2006,Flamingo1,400,5,live,Rhizophora,mangle,12.8,15.18,96969.22982799368,0.012867584000000001,20,0.01,1.2867584,75359.31362716861
simard_2006,Flamingo1,400,6,live,Laguncularia,racemosa,17.6,15.13,221932.52868137957,0.024327776000000006,20,0.01,2.4327776000000005,91225.98328814747
simard_2006,Flamingo1,400,7,live,Laguncularia,racemosa,11.4,17.24,71753.09499624702,0.0102067335,20,0.01,1.02067335,70299.76338291484
simard_2006,Flamingo1,400,8,live,Laguncularia,racemosa,8.3,10.12,20303.49788848746,0.0054104483750000015,20,0.01,0.5410448375000001,37526.4608055473
simard_2006,Flamingo1,400,9,live,Laguncularia,racemosa,14.2,11.82,127009.94284131694,0.0158363015,20,0.01,1.58363015,80201.77112775791
simard_2006,Flamingo1,400,10,live,Laguncularia,racemosa,12.8,12.08,96969.22982799368,0.012867584000000001,20,0.01,1.2867584,75359.31362716861
simard_2006,Flamingo1,400,11,live,Laguncularia,racemosa,9,12.29,24858.9,0.0063615375,20,0.01,0.63615375,39076.874104727045
simard_2006,Flamingo1,400,12,live,Laguncularia,racemosa,9.4,20.68,27713.74826071439,0.006939573500000002,20,0.01,0.6939573500000001,39935.80911091205
simard_2006,Flamingo1,400,13,live,Laguncularia,racemosa,10.9,13.59,63855.29562171462,0.009331040375,20,0.01,0.9331040375,68433.20043153776
simard_2006,Flamingo1,400,14,live,Rhizophora,mangle,13.7,17.78,115707.49721800807,0.014740703374999999,20,0.01,1.4740703375,78495.23477573408
simard_2006,Flamingo1,400,15,live,Avicennia,germinans,24,17.79,287498.12442075694,0.0452376,20,0.01,4.52376,63552.91271436967
simard_2006,Flamingo1,400,16,live,Avicennia,germinans,24.7,10.7,308035.4668173895,0.047914943375,20,0.01,4.7914943375,64287.974715234544
simard_2006,Flamingo1,400,17,live,Laguncularia,racemosa,17.6,12.36,221932.52868137957,0.024327776000000006,20,0.01,2.4327776000000005,91225.98328814747
simard_2006,Flamingo1,400,18,live,Avicennia,germinans,38.6,19.08,899368.2812580263,0.11701773350000001,20,0.01,11.701773350000002,76857.43471163933
simard_2006,Flamingo1,400,19,live,Avicennia,germinans,36,15.39,760771.1545794918,0.1017846,20,0.01,10.17846,74743.24746371178
simard_2006,Flamingo1,400,20,live,Avicennia,germinans,29.7,13.31,479450.2109428221,0.069277143375,20,0.01,6.9277143375,69207.56076034177
simard_2006,Flamingo1,500,1,live,Avicennia,germinans,26.9,14.41,378036.30330063676,0.05683052037499999,14,0.007,8.118645767857142,46563.96080210021
simard_2006,Flamingo1,500,2,live,Rhizophora,mangle,9.1,12.45,39938.85823860167,0.006503690374999999,14,0.007,0.9290986249999998,42986.67241984313
simard_2006,Flamingo1,500,3,live,Rhizophora,mangle,7,10.07,20190.307308746218,0.0038483375,14,0.007,0.5497625,36725.50839452712
simard_2006,Flamingo1,500,4,live,Rhizophora,mangle,9.6,8.81,45897.943931215,0.007238016000000001,14,0.007,1.0340022857142859,44388.62908268024
simard_2006,Flamingo1,500,5,live,Avicennia,germinans,11.9,15.26,53387.64242424161,0.011121695375000002,14,0.007,1.5888136250000002,33602.20581205149
simard_2006,Flamingo1,500,6,live,Avicennia,germinans,17.9,16.11,142224.79289531414,0.025164200374999997,14,0.007,3.5948857678571424,39563.0910353216
simard_2006,Flamingo1,500,7,live,Avicennia,germinans,32.3,17.62,586427.1776916069,0.08193738837499999,14,0.007,11.70534119642857,50099.11012850547
simard_2006,Flamingo1,500,8,live,Rhizophora,mangle,5.2,5.09,9321.734271611225,0.0021236540000000004,14,0.007,0.3033791428571429,30726.35179802292
simard_2006,Flamingo1,500,9,live,Rhizophora,mangle,8.9,8.79,37696.587948884364,0.006220955375000001,14,0.007,0.8887079107142858,42417.297623227285
simard_2006,Flamingo1,500,10,live,Rhizophora,mangle,9,10.99,38807.757669466366,0.0063615375,14,0.007,0.9087910714285714,42702.61767477824
simard_2006,Flamingo1,500,11,live,Rhizophora,mangle,8.7,7.68,35533.50777251611,0.005944503374999999,14,0.007,0.8492147678571428,41842.78125800758
simard_2006,Flamingo1,500,12,live,Rhizophora,mangle,11.1,12.99,66946.48354325371,0.009676605375,14,0.007,1.3823721964285713,48428.69649448487
simard_2006,Flamingo1,500,13,live,Rhizophora,mangle,10.4,13.56,56516.42825635549,0.008494616000000002,14,0.007,1.2135165714285716,46572.44044868989
simard_2006,Flamingo1,500,14,live,Rhizophora,mangle,6.4,8.39,15993.958232449071,0.0032168960000000003,14,0.007,0.4595565714285715,34803.02366851259
simard_2006,Flamingo1,600,1,live,Laguncularia,racemosa,6,14.5,9020.980824721888,0.00282735,20,0.01,0.282735,31906.13409985282
simard_2006,Flamingo1,600,2,live,Laguncularia,racemosa,5,7.6,5718.743852455712,0.0019634375000000003,20,0.01,0.19634375000000004,29126.182282123627
simard_2006,Flamingo1,600,3,live,Laguncularia,racemosa,7.2,13.78,14230.064702942598,0.004071384000000001,20,0.01,0.40713840000000007,34951.41873854835
simard_2006,Flamingo1,600,4,live,Laguncularia,racemosa,10,13.33,51037.33926495836,0.007853750000000001,20,0.01,0.7853750000000002,64984.67517422677
simard_2006,Flamingo1,600,5,live,Laguncularia,racemosa,6.1,11.54,9401.566477397419,0.002922380375,20,0.01,0.2922380375,32170.919835845867
simard_2006,Flamingo1,600,6,live,Laguncularia,racemosa,6.2,8.51,9791.626915585213,0.0030189815000000006,20,0.01,0.30189815000000003,32433.543947139828
simard_2006,Flamingo1,600,7,live,Laguncularia,racemosa,9.3,18.19,26982.550906746383,0.006792708375000001,20,0.01,0.6792708375000001,39722.81661031323
simard_2006,Flamingo1,600,8,live,Laguncularia,racemosa,6.5,13.97,11019.427333081447,0.003318209375,20,0.01,0.3318209375,33208.95726503529
simard_2006,Flamingo1,600,9,live,Laguncularia,racemosa,9.4,17.07,27713.74826071439,0.006939573500000002,20,0.01,0.6939573500000001,39935.80911091205
simard_2006,Flamingo1,600,10,live,Laguncularia,racemosa,11.3,15.15,70128.08476345251,0.010028453375000001,20,0.01,1.0028453375000002,69929.11283635748
simard_2006,Flamingo1,600,11,live,Laguncularia,racemosa,5.2,11.59,6307.8882790116695,0.0021236540000000004,20,0.01,0.21236540000000004,29702.994362601763
simard_2006,Flamingo1,600,12,live,Laguncularia,racemosa,11.1,12.26,66946.48354325371,0.009676605375,20,0.01,0.9676605374999999,69183.8521349784
simard_2006,Flamingo1,600,13,live,Laguncularia,racemosa,7.7,10.28,16830.710374315913,0.004656488375000001,20,0.01,0.4656488375000001,36144.64166747954
simard_2006,Flamingo1,600,14,live,Laguncularia,racemosa,11.9,13.45,80225.0737118846,0.011121695375000002,20,0.01,1.1121695375000002,72133.85280468948
simard_2006,Flamingo1,600,15,live,Avicennia,germinans,38.3,16.46,882683.6723625849,0.11520587337499999,20,0.01,11.520587337499999,76617.94025808148
simard_2006,Flamingo1,600,16,live,Avicennia,germinans,24.4,15.46,299132.51259376795,0.046758086,20,0.01,4.6758086,63974.49899762106
simard_2006,Flamingo1,600,17,live,Avicennia,germinans,39.1,18.87,927581.8739686524,0.12006891537500003,20,0.01,12.006891537500003,77254.12285699614
simard_2006,Flamingo1,600,18,live,Laguncularia,racemosa,12.7,17.55,95011.83364357824,0.012667313375000001,20,0.01,1.2667313375,75005.5128746495
simard_2006,Flamingo1,600,19,live,Laguncularia,racemosa,13.7,16.32,115707.49721800807,0.014740703374999999,20,0.01,1.4740703375,78495.23477573408
simard_2006,Flamingo1,600,20,live,Laguncularia,racemosa,10,13.91,51037.33926495836,0.007853750000000001,20,0.01,0.7853750000000002,64984.67517422677
simard_2006,Flamingo1,700,1,live,Laguncularia,racemosa,10.8,11.24,62343.30036095594,0.009160614000000001,11,0.0055,1.6655661818181822,37430.69536444365
simard_2006,Flamingo1,700,2,live,Laguncularia,racemosa,5.5,8.89,7257.421674977795,0.002375759375,11,0.0055,0.43195625000000004,16801.288729999378
simard_2006,Flamingo1,700,3,live,Laguncularia,racemosa,5.2,8.73,6307.8882790116695,0.0021236540000000004,11,0.0055,0.3861189090909092,16336.646899430969
simard_2006,Flamingo1,700,4,live,Laguncularia,racemosa,9.3,10.95,26982.550906746383,0.006792708375000001,11,0.0055,1.2350378863636366,21847.549135672274
simard_2006,Flamingo1,700,5,live,Laguncularia,racemosa,6,10.08,9020.980824721888,0.00282735,11,0.0055,0.5140636363636364,17548.373754919052
simard_2006,Flamingo1,700,6,live,Laguncularia,racemosa,8.1,12.1,19102.410822705413,0.005152845375,11,0.0055,0.9368809772727273,20389.36779174744
simard_2006,Flamingo1,700,7,live,Laguncularia,racemosa,6.4,11.89,10600.480919887063,0.0032168960000000003,11,0.0055,0.5848901818181819,18123.882481553286
simard_2006,Flamingo1,700,8,live,Laguncularia,racemosa,8.6,12.72,22188.18415963574,0.005808633499999999,11,0.0055,1.0561151818181818,21009.246473890387
simard_2006,Flamingo1,700,9,live,Laguncularia,racemosa,9.1,12.86,25555.190016498756,0.006503690374999999,11,0.0055,1.182489159090909,21611.352476284384
simard_2006,Flamingo1,700,10,live,Avicennia,germinans,11.2,13.67,46158.45779015188,0.009851743999999999,11,0.0055,1.7912261818181818,25769.195570432537
simard_2006,Flamingo1,700,11,live,Laguncularia,racemosa,7.4,13.38,15238.946102693903,0.004300713500000001,11,0.0055,0.7819479090909093,19488.44152599713
simard_2006,Flamingo2,100,1,live,Rhizophora,mangle,7,10.74,20190.307308746218,0.0038483375,28,0.014,0.27488125,73451.01678905424
simard_2006,Flamingo2,100,2,live,Rhizophora,mangle,13.5,12.31,111366.82112846817,0.014313459375000002,28,0.014,1.022389955357143,108927.92964653623
simard_2006,Flamingo2,100,3,live,Rhizophora,mangle,9.8,10.34,48425.69049556167,0.007542741500000003,28,0.014,0.5387672500000001,89882.39447657901
simard_2006,Flamingo2,100,4,live,Rhizophora,mangle,12.6,10.81,93078.9429299201,0.0124686135,28,0.014,0.89061525,104510.83442588717
simard_2006,Flamingo2,100,5,live,Rhizophora,mangle,12,14.84,81989.69387821012,0.0113094,28,0.014,0.8078142857142857,101495.72163818961
simard_2006,Flamingo2,100,6,live,Laguncularia,racemosa,19,15.23,270799.2066381471,0.0283520375,28,0.014,2.0251455357142856,133718.39300558416
simard_2006,Flamingo2,100,7,live,Avicennia,germinans,25.8,14.83,341991.51412451075,0.0522777015,28,0.014,3.734121535714286,91585.53380054688
simard_2006,Flamingo2,100,8,live,Avicennia,germinans,37.8,14.41,855280.0763108417,0.11221752149999997,28,0.014,8.015537249999998,106702.77607540804
simard_2006,Flamingo2,100,9,live,Rhizophora,mangle,7.2,9.89,21724.636370214866,0.004071384000000001,28,0.014,0.2908131428571429,74703.07619792387
simard_2006,Flamingo2,100,10,live,Rhizophora,mangle,6,9,13523.256209268271,0.00282735,28,0.014,0.20195357142857143,66962.2038055974
simard_2006,Flamingo2,100,11,live,Laguncularia,racemosa,10.1,15.26,52374.9470627752,0.008011610374999999,28,0.014,0.5722578839285714,91523.32983727418
simard_2006,Flamingo2,100,12,live,Rhizophora,mangle,9.7,12.8,47151.39371562494,0.007389593375,28,0.014,0.5278280982142857,89330.96565935866
simard_2006,Flamingo2,100,13,live,Rhizophora,mangle,7.6,11.92,25003.647355942583,0.004536326,28,0.014,0.32402328571428574,77166.20520288801
simard_2006,Flamingo2,100,14,live,Laguncularia,racemosa,12.6,13.25,93078.9429299201,0.0124686135,28,0.014,0.89061525,104510.83442588717
simard_2006,Flamingo2,100,15,live,Avicennia,germinans,12,15.74,54470.70875315112,0.0113094,28,0.014,0.8078142857142857,67429.7418558116
simard_2006,Flamingo2,100,16,live,Laguncularia,racemosa,8.3,10.42,20303.49788848746,0.0054104483750000015,28,0.014,0.3864605982142858,52537.04512776622
simard_2006,Flamingo2,100,17,live,Laguncularia,racemosa,15.3,14.85,154200.4869969079,0.018384843375,28,0.014,1.3132030982142857,117423.18245105585
simard_2006,Flamingo2,100,18,live,Avicennia,germinans,38.5,16.56,893786.4914169494,0.11641220937499999,28,0.014,8.315157812499999,107488.81880189205
simard_2006,Flamingo2,100,19,live,Avicennia,germinans,11.4,12.75,48161.46387375026,0.0102067335,28,0.014,0.7290523928571429,66060.3604701253
simard_2006,Flamingo2,100,20,live,Avicennia,germinans,15.3,18.24,97585.98939006848,0.018384843375,28,0.014,1.3132030982142857,74311.42183777015
simard_2006,Flamingo2,100,21,live,Laguncularia,racemosa,20,15.25,309432.5625380361,0.031415000000000005,28,0.014,2.243928571428572,137897.6882232215
simard_2006,Flamingo2,100,22,live,Laguncularia,racemosa,22,20.62,396448.69747266057,0.03801215,28,0.014,2.7151535714285715,146013.3605864769
simard_2006,Flamingo2,100,23,live,Avicennia,germinans,26.3,20.43,358114.4391207684,0.054323603375,28,0.014,3.8802573839285714,92291.4136067425
simard_2006,Flamingo2,100,24,live,Avicennia,germinans,28.2,17.25,423375.6687446238,0.06245616150000001,28,0.014,4.461154392857144,94902.71608229929
simard_2006,Flamingo2,100,25,live,Avicennia,germinans,32.7,15.71,604007.9321787559,0.08397936337500002,28,0.014,5.998525955357144,100692.72629208688
simard_2006,Flamingo2,100,26,live,Rhizophora,mangle,19.4,15.78,285872.594355308,0.0295583735,28,0.014,2.1113123928571427,135400.4245522614
simard_2006,Flamingo2,100,27,live,Laguncularia,racemosa,13.8,19.28,117916.24745471367,0.014956681500000003,28,0.014,1.068334392857143,110373.91311475016
simard_2006,Flamingo2,100,28,live,Rhizophora,mangle,6.4,8,15993.958232449071,0.0032168960000000003,28,0.014,0.22977828571428574,69606.04733702519
simard_2006,Flamingo2,250,1,live,Laguncularia,racemosa,9.3,11.15,26982.550906746383,0.006792708375000001,14,0.007,0.9703869107142858,27805.97162721926
simard_2006,Flamingo2,250,2,live,Laguncularia,racemosa,13.3,14.21,107127.82601390027,0.013892498375000003,14,0.007,1.9846426250000004,53978.39624345479
simard_2006,Flamingo2,250,3,live,Laguncularia,racemosa,23.9,13.59,491725.3154937552,0.044861405374999996,14,0.007,6.408772196428571,76726.91436399939
simard_2006,Flamingo2,250,4,live,Laguncularia,racemosa,26.1,16.21,618234.6529734427,0.05350053037500001,14,0.007,7.642932910714286,80889.71343798755
simard_2006,Flamingo2,250,5,live,Laguncularia,racemosa,21.6,12.47,377979.0926721384,0.036642456000000004,14,0.007,5.234636571428572,72207.3228034979
simard_2006,Flamingo2,250,6,live,Avicennia,germinans,29.4,18.75,467909.247752202,0.06788467349999999,14,0.007,9.6978105,48248.95761287581
simard_2006,Flamingo2,250,7,live,Rhizophora,mangle,13.7,14.55,115707.49721800807,0.014740703374999999,14,0.007,2.105814767857143,54946.66434301385
simard_2006,Flamingo2,250,8,live,Avicennia,germinans,37.8,19.16,855280.0763108417,0.11221752149999997,14,0.007,16.031074499999995,53351.38803770402
simard_2006,Flamingo2,250,9,live,Laguncularia,racemosa,25.2,13.8,564325.1831686231,0.049874454,14,0.007,7.124922,79204.4015595712
simard_2006,Flamingo2,250,10,live,Laguncularia,racemosa,21.6,14.35,377979.0926721384,0.036642456000000004,14,0.007,5.234636571428572,72207.3228034979
simard_2006,Flamingo2,250,11,live,Laguncularia,racemosa,14.4,13.92,131713.564990996,0.016285536000000003,14,0.007,2.326505142857143,56614.34508124092
simard_2006,Flamingo2,250,12,live,Laguncularia,racemosa,24.6,16.43,530053.0082675319,0.04752775350000001,14,0.007,6.789679071428573,78067.46131757989
simard_2006,Flamingo2,250,13,live,Rhizophora,mangle,21,13.52,351283.8561383045,0.03463503750000001,14,0.007,4.947862500000001,70997.09341929054
simard_2006,Flamingo2,250,14,live,Rhizophora,mangle,28.7,19.85,791372.503873158,0.064690553375,14,0.007,9.241507625,85632.40284868109
simard_2006,Flamingo2,550,1,live,Avicennia,germinans,35.9,16.75,755709.2050765357,0.10121991537500001,18,0.009,11.24665726388889,67194.11709139477
simard_2006,Flamingo2,550,2,live,Rhizophora,mangle,8.6,10.24,34481.32916698685,0.005808633499999999,18,0.009,0.6454037222222222,53425.984356369125
simard_2006,Flamingo2,550,3,live,Rhizophora,mangle,5.7,7.47,11834.847058748363,0.002551683375,18,0.009,0.28352037500000005,41742.49225914843
simard_2006,Flamingo2,550,4,live,Laguncularia,racemosa,21.2,16.73,360048.7136056741,0.035297894,18,0.009,3.921988222222223,91802.59939732002
simard_2006,Flamingo2,550,5,live,Laguncularia,racemosa,16.9,12.8,199707.07791242495,0.022431095374999998,18,0.009,2.4923439305555557,80128.21804569695
simard_2006,Flamingo2,550,6,live,Laguncularia,racemosa,21.4,12.08,368946.874738271,0.035967033499999995,18,0.009,3.9963370555555553,92321.26059671947
simard_2006,Flamingo2,550,7,live,Rhizophora,mangle,21.3,19.2,364481.0840765181,0.03563167837500001,18,0.009,3.9590753750000016,92062.17350093213
simard_2006,Flamingo2,550,8,live,Laguncularia,racemosa,18.5,20.1,252658.85230003117,0.026879459374999998,18,0.009,2.986606597222222,84597.2993346441
simard_2006,Flamingo2,550,9,live,Avicennia,germinans,20.2,20.48,190095.27506808445,0.032046441499999995,18,0.009,3.560715722222222,53386.815993680924
simard_2006,Flamingo2,550,10,live,Laguncularia,racemosa,24.7,20.32,535673.4278314644,0.047914943375,18,0.009,5.323882597222222,100617.06246320238
simard_2006,Flamingo2,550,11,live,Laguncularia,racemosa,12.2,12.32,85590.11008018251,0.0116895215,18,0.009,1.2988357222222222,65897.56396116322
simard_2006,Flamingo2,550,12,live,Laguncularia,racemosa,17,11.54,202794.0556811667,0.0226973375,18,0.009,2.521926388888889,80412.3611912851
simard_2006,Flamingo2,550,13,live,Laguncularia,racemosa,8.7,8.38,22838.825445264258,0.005944503374999999,18,0.009,0.6605003749999999,34578.0658266307
simard_2006,Flamingo2,550,14,live,Laguncularia,racemosa,7.2,5.72,14230.064702942598,0.004071384000000001,18,0.009,0.4523760000000001,31456.27686469352
simard_2006,Flamingo2,550,15,live,Avicennia,germinans,17.5,14.4,134716.05375385942,0.024052109375000002,18,0.009,2.6724565972222227,50409.07077551216
simard_2006,Flamingo2,550,16,live,Rhizophora,mangle,17.7,11.57,225225.99681976,0.024605013375,18,0.009,2.733890375,82382.96563729626
simard_2006,Flamingo2,550,17,live,Laguncularia,racemosa,14.2,13.29,127009.94284131694,0.0158363015,18,0.009,1.7595890555555558,72181.59401498211
simard_2006,Flamingo2,550,18,live,Laguncularia,racemosa,9.5,13.67,28456.70730673065,0.007088009375,18,0.009,0.7875565972222223,36132.90448851527
simard_2006,Flamingo2,650,1,live,Rhizophora,mangle,25.8,15.16,599928.1778790079,0.0522777015,16,0.008,6.5347126875,91806.35883603382
simard_2006,Flamingo2,650,2,live,Avicennia,germinans,23.4,16.98,270549.09993878636,0.0430039935,16,0.008,5.375499187499999,50330.04201133765
simard_2006,Flamingo2,650,3,live,Laguncularia,racemosa,23.8,14.41,486393.89309848537,0.04448678150000001,16,0.008,5.560847687500001,87467.58056183234
simard_2006,Flamingo2,650,4,live,Laguncularia,racemosa,9.1,10.15,25555.190016498756,0.006503690374999999,16,0.008,0.8129612968749999,31434.69451095911
simard_2006,Flamingo2,650,5,live,Laguncularia,racemosa,14.4,9.57,131713.564990996,0.016285536000000003,16,0.008,2.0356920000000005,64702.10866427533
simard_2006,Flamingo2,650,6,live,Laguncularia,racemosa,8,11.97,18518.27807113826,0.0050264,16,0.008,0.6283000000000001,29473.62417816052
simard_2006,Flamingo2,650,7,live,Avicennia,germinans,34.4,22.2,682131.8026149891,0.09293813599999999,16,0.008,11.617266999999998,58717.063369120224
simard_2006,Flamingo2,650,8,live,Laguncularia,racemosa,18.3,16.6,245618.37766692735,0.026301423375000008,16,0.008,3.2876779218750007,74708.77120677574
simard_2006,Flamingo2,650,9,live,Laguncularia,racemosa,27.9,14.65,735290.4979657391,0.061134375375,16,0.008,7.641796921875,96219.58100730677
simard_2006,Flamingo2,650,10,live,Rhizophora,mangle,14.5,12.24,134104.95692723908,0.016512509375,16,0.008,2.064063671875,64971.32755862024
simard_2006,Flamingo2,650,11,live,Laguncularia,racemosa,14.2,13.63,127009.94284131694,0.0158363015,16,0.008,1.9795376875,64161.416902206336
simard_2006,Flamingo2,650,12,live,Rhizophora,mangle,8.6,12.55,34481.32916698685,0.005808633499999999,16,0.008,0.7260791874999999,47489.76387232812
simard_2006,Flamingo2,650,13,live,Rhizophora,mangle,12.3,18.32,87426.14219224732,0.011881938375000003,16,0.008,1.4852422968750003,58863.21873285919
simard_2006,Flamingo2,650,14,live,Laguncularia,racemosa,22.2,19.5,405887.5767045016,0.0387064215,16,0.008,4.8383026875,83890.48865279403
simard_2006,Flamingo2,650,15,live,Rhizophora,mangle,16.4,24.62,184706.43669616038,0.021123445999999997,16,0.008,2.6404307499999997,69953.14559799018
simard_2006,Flamingo2,650,16,live,Laguncularia,racemosa,18.6,16.45,256225.10522051176,0.027170833500000005,16,0.008,3.3963541875000005,75441.22051920467
simard_2006,Flamingo2,950,1,live,Rhizophora,mangle,21.5,9.31,373446.1796442512,0.036303959375,11,0.0055,6.6007198863636365,56576.58347474342
simard_2006,Flamingo2,950,2,live,Rhizophora,mangle,16.6,8.05,190620.25846897138,0.021641793500000006,11,0.0055,3.9348715454545466,48443.83260469343
simard_2006,Flamingo2,950,3,live,Rhizophora,mangle,27,9.21,675202.1429760777,0.05725383750000001,11,0.0055,10.409788636363638,64862.23366893838
simard_2006,Flamingo2,950,4,live,Rhizophora,mangle,11,6.76,65389.649066348196,0.0095030375,11,0.0055,1.7278250000000002,37845.06478743402
simard_2006,Flamingo2,950,5,live,Avicennia,germinans,31.6,12.92,556387.0766477081,0.07842440600000002,11,0.0055,14.258982909090912,39020.10965263025
simard_2006,Flamingo2,950,6,live,Rhizophora,mangle,16.2,13.2,178906.88864303075,0.0206113815,11,0.0055,3.7475239090909094,47740.025943271634
simard_2006,Flamingo2,950,7,live,Rhizophora,mangle,21.4,12.24,368946.874738271,0.035967033499999995,11,0.0055,6.539460636363636,56418.54814243968
simard_2006,Flamingo2,950,8,live,Rhizophora,mangle,19.4,15.34,285872.594355308,0.0295583735,11,0.0055,5.374249727272727,53193.02393124554
simard_2006,Flamingo2,950,9,live,Avicennia,germinans,30,15.4,491155.53995543974,0.07068375,11,0.0055,12.85159090909091,38217.48944778564
simard_2006,Flamingo2,950,10,live,Rhizophora,mangle,17.5,8.25,218668.865512111,0.024052109375000002,11,0.0055,4.373110795454546,50003.047199123685
simard_2006,Flamingo2,950,11,live,Rhizophora,mangle,22.4,18.2,415463.49753834144,0.039406975999999996,11,0.0055,7.164904727272727,57985.90677094527
simard_2006,Flamingo5B,133,1,live,Laguncularia,racemosa,20.4,26.56,325781.5314254728,0.032684166,33,0.0165,1.9808585454545453,164464.81358956205
simard_2006,Flamingo5B,133,2,live,Laguncularia,racemosa,13.2,26.56,105046.1757404831,0.013684374,33,0.0165,0.8293559999999999,126659.933418801
simard_2006,Flamingo5B,133,3,live,Rhizophora,mangle,19.8,20.16,301451.54903202323,0.030789841500000005,33,0.0165,1.8660510000000001,161545.1823299702
simard_2006,Flamingo5B,133,4,live,Rhizophora,mangle,21.6,21.15,377979.0926721384,0.036642456000000004,33,0.0165,2.220754909090909,170202.97517967364
simard_2006,Flamingo5B,133,5,live,Laguncularia,racemosa,22.6,21.98,425177.1994144416,0.040113813500000005,33,0.0165,2.4311402121212122,174887.97943227924
simard_2006,Flamingo5B,133,6,live,Laguncularia,racemosa,17.3,21.8,212230.54695277012,0.023505488375,33,0.0165,1.424575053030303,148978.14369367287
simard_2006,Flamingo5B,133,7,live,Rhizophora,mangle,31,28,967004.3531658041,0.07547453750000001,33,0.0165,4.574214393939394,211403.37331958828
simard_2006,Flamingo5B,133,8,live,Rhizophora,mangle,34,20.9,1229513.239143106,0.09078935,33,0.0165,5.502384848484849,223450.9713513892
simard_2006,Flamingo5B,133,9,live,Laguncularia,racemosa,30.4,15.15,919092.7547743107,0.072581216,33,0.0165,4.398861575757576,208938.77630509975
simard_2006,Flamingo5B,133,10,live,Laguncularia,racemosa,24.8,22.6,541330.3731658453,0.04830370400000001,33,0.0165,2.9274972121212124,184912.34455304808
simard_2006,Flamingo5B,133,11,live,Laguncularia,racemosa,14,17.21,122411.13308321044,0.01539335,33,0.0165,0.932930303030303,131211.44493388198
simard_2006,Flamingo5B,133,12,live,Rhizophora,mangle,14.5,19.94,134104.95692723908,0.016512509375,33,0.0165,1.000758143939394,134003.36308965425
simard_2006,Flamingo5B,133,13,live,Laguncularia,racemosa,27,23.15,675202.1429760777,0.05725383750000001,33,0.0165,3.469929545454546,194586.70100681516
simard_2006,Flamingo5B,133,14,live,Rhizophora,mangle,26,24.18,612094.8562412595,0.05309135,33,0.0165,3.217657575757576,190229.9551241545
simard_2006,Flamingo5B,133,15,live,Laguncularia,racemosa,20.5,17.63,329949.9477525354,0.033005384375,33,0.0165,2.000326325757576,164948.06047586998
simard_2006,Flamingo5B,133,16,live,Laguncularia,racemosa,22,13.24,396448.69747266057,0.03801215,33,0.0165,2.3037666666666667,172087.1749769192
simard_2006,Flamingo5B,133,17,live,Rhizophora,mangle,23.607,19.1,476205.1690962703,0.043768198638337495,33,0.0165,2.6526180992931816,179522.70220246186
simard_2006,Flamingo5B,133,18,live,Laguncularia,racemosa,25.3,20.26,570166.0843340338,0.050271068375000005,33,0.0165,3.046731416666667,187140.25175144404
simard_2006,Flamingo5B,133,19,live,Rhizophora,mangle,9.1,13.22,39938.85823860167,0.006503690374999999,33,0.0165,0.39416305303030297,101325.7278467731
simard_2006,Flamingo5B,133,20,live,Avicennia,germinans,14.5,14.556,85784.97737124508,0.016512509375,33,0.0165,1.000758143939394,85719.98928088686
simard_2006,Flamingo5B,133,21,live,Rhizophora,mangle,19.86,17.23,303832.3830833368,0.030976729335000005,33,0.0165,1.8773775354545457,161838.72308335346
simard_2006,Flamingo5B,133,22,live,Laguncularia,racemosa,20.18,17.39,316725.5114550754,0.031983014615,33,0.0165,1.938364522121212,163398.32257581403
simard_2006,Flamingo5B,133,23,live,Rhizophora,mangle,3.8477,9.24,1740,0.0011627316100883752,33,0.0165,0.0704685824295985,24691.854724597924
simard_2006,Flamingo5B,133,24,live,Rhizophora,mangle,24.18,26,506844.10088893713,0.04591870861500001,33,0.0165,2.782952037272728,182124.626691605
simard_2006,Flamingo5B,133,25,live,Laguncularia,racemosa,17.63,20.5,222917.43497876026,0.024410782283749998,33,0.0165,1.4794413505303028,150676.7638330887
simard_2006,Flamingo5B,133,26,live,Laguncularia,racemosa,13.24,22,105875.81988384976,0.013767435260000002,33,0.0165,0.8343900157575759,126890.08483367445
simard_2006,Flamingo5B,133,27,live,Rhizophora,mangle,19.1,23.607,274520.4992427231,0.02865126537500001,33,0.0165,1.7364403257575762,158093.82860476646
simard_2006,Flamingo5B,133,28,live,Laguncularia,racemosa,20.26,25.3,320000.4373263974,0.032237099135,33,0.0165,1.953763583939394,163786.67304320267
simard_2006,Flamingo5B,133,29,live,Rhizophora,mangle,13.22,9.1,105460.49575842873,0.013725873215000002,33,0.0165,0.831871103939394,126775.04394492354
simard_2006,Flamingo5B,133,30,live,Avicennia,germinans,14.56,14.5,86639.37996989691,0.016649447360000003,33,0.0165,1.009057415757576,85861.69490152366
simard_2006,Flamingo5B,133,31,live,Rhizophora,mangle,17.23,19.86,210005.05396082875,0.02331565538375,33,0.0165,1.4130700232575757,148616.16940730248
simard_2006,Flamingo5B,133,32,live,Laguncularia,racemosa,17.39,20.18,215113.13935090168,0.023750690303750002,33,0.0165,1.4394357759848486,149442.67951359155
simard_2006,Flamingo5B,133,33,live,Rhizophora,mangle,9.24,3.84,41556.13518170041,0.006705343260000001,33,0.0165,0.40638444,102258.18484019814
simard_2006,Flamingo5B,233,1,live,Laguncularia,racemosa,19.7,20.41,297509.0719405841,0.030479618375,22,0.011,2.770874397727273,107370.10388655908
simard_2006,Flamingo5B,233,2,live,Avicennia,germinans,13.2,12.28,68470.81079338568,0.013684374,22,0.011,1.244034,55039.3403985628
simard_2006,Flamingo5B,233,3,live,Laguncularia,racemosa,29,26.37,813060.4194631185,0.0660500375,22,0.011,6.004548863636365,135407.4116020646
simard_2006,Flamingo5B,233,4,live,Rhizophora,mangle,28.2,24.65,756024.2165643343,0.06245616150000001,22,0.011,5.677832863636365,133153.65822165803
simard_2006,Flamingo5B,233,5,live,Rhizophora,mangle,17.2,16.51,209055.68741480057,0.023234533999999998,22,0.011,2.1122303636363635,98973.90503131272
simard_2006,Flamingo5B,233,6,live,Avicennia,germinans,28,21.46,416205.01694171375,0.0615734,22,0.011,5.597581818181818,74354.43204953521
simard_2006,Flamingo5B,233,7,live,Avicennia,germinans,8,11.74,20584.674521546865,0.0050264,22,0.011,0.4569454545454546,45048.42824626283
simard_2006,Flamingo5B,233,8,live,Rhizophora,mangle,21.4,13.09,368946.874738271,0.035967033499999995,22,0.011,3.269730318181818,112837.09628487936
simard_2006,Flamingo5B,233,9,live,Laguncularia,racemosa,22.4,20.25,415463.49753834144,0.039406975999999996,22,0.011,3.5824523636363637,115971.81354189054
simard_2006,Flamingo5B,233,10,live,Laguncularia,racemosa,23,16.49,445020.89090587734,0.0415463375,22,0.011,3.7769397727272733,117825.78428157837
simard_2006,Flamingo5B,233,11,live,Laguncularia,racemosa,13.7,20.89,115707.49721800807,0.014740703374999999,22,0.011,1.3400639431818182,86344.75825330747
simard_2006,Flamingo5B,233,12,live,Rhizophora,mangle,21,21.25,351283.8561383045,0.03463503750000001,22,0.011,3.1486397727272735,111566.86108745656
simard_2006,Flamingo5B,233,13,live,Avicennia,germinans,25,22.29,317091.10285899177,0.0490859375,22,0.011,4.462357954545455,71059.0916481713
simard_2006,Flamingo5B,233,14,live,Rhizophora,mangle,21.5,23.67,373446.1796442512,0.036303959375,22,0.011,3.3003599431818182,113153.16694948684
simard_2006,Flamingo5B,233,15,live,Rhizophora,mangle,27.4,22.49,701519.0816111625,0.058962813499999996,22,0.011,5.360255772727273,130874.18051587358
simard_2006,Flamingo5B,233,16,live,Avicennia,germinans,18.8,8.11,159995.17063280658,0.027758294000000006,22,0.011,2.5234812727272735,63402.55914001314
simard_2006,Flamingo5B,233,17,live,Rhizophora,mangle,15.1,9.51,149014.3484213142,0.017907335375,22,0.011,1.6279395795454545,91535.55223647875
simard_2006,Flamingo5B,233,18,live,Avicennia,germinans,21.1,17.71,211059.9973704189,0.034965680375,22,0.011,3.1786982159090913,66398.24954570492
simard_2006,Flamingo5B,233,19,live,Avicennia,germinans,14.7,12.45,88652.22480517885,0.016971168374999998,22,0.011,1.5428334886363635,57460.65629125947
simard_2006,Flamingo5B,233,20,live,Laguncularia,racemosa,27.2,21.01,688283.2102861946,0.058105184,22,0.011,5.282289454545454,130300.16931274395
simard_2006,Flamingo5B,233,21,live,Laguncularia,racemosa,18.8,15.83,263450.13973984134,0.027758294000000006,22,0.011,2.5234812727272735,104399.48280460801
simard_2006,Flamingo5B,233,22,live,Avicennia,germinans,15.9,10.28,107023.98901869183,0.019855065375,22,0.011,1.8050059431818184,59292.873479426155
simard_2006,Flamingo5B,33,1,live,Laguncularia,racemosa,20,11.46,309432.5625380361,0.031415000000000005,14,0.007,4.487857142857144,68948.84411161076
simard_2006,Flamingo5B,33,2,live,Laguncularia,racemosa,21.2,20,360048.7136056741,0.035297894,14,0.007,5.042556285714286,71402.02175347114
simard_2006,Flamingo5B,33,3,live,Rhizophora,mangle,15.8,10.15,167647.25671147628,0.019606101500000004,14,0.007,2.8008716428571434,59855.38721098295
simard_2006,Flamingo5B,33,4,live,Rhizophora,mangle,30.3,13.55,911252.7653940774,0.07210449337500001,14,0.007,10.300641910714287,88465.62896689295
simard_2006,Flamingo5B,33,5,live,Rhizophora,mangle,7.4,11.86,23328.69775615229,0.004300713500000001,14,0.007,0.614387642857143,37970.64935691857
simard_2006,Flamingo5B,33,6,live,Rhizophora,mangle,10.5,10.27,57940.22838766252,0.008658759375000002,14,0.007,1.2369656250000003,46840.61320431803
simard_2006,Flamingo5B,33,7,live,Laguncularia,racemosa,27.3,27,694881.7527774579,0.05853321337500001,14,0.007,8.361887625000001,83101.06329340414
simard_2006,Flamingo5B,33,8,live,Laguncularia,racemosa,21.2,14.2,360048.7136056741,0.035297894,14,0.007,5.042556285714286,71402.02175347114
simard_2006,Flamingo5B,33,9,live,Rhizophora,mangle,22.8,21.19,435029.41913682385,0.040826934,14,0.007,5.832419142857143,74588.16118687157
simard_2006,Flamingo5B,33,10,live,Rhizophora,mangle,13.9,13.86,120150.75546679483,0.015174230375000002,14,0.007,2.1677471964285715,55426.55327371513
simard_2006,Flamingo5B,33,11,live,Laguncularia,racemosa,13.3,13.61,107127.82601390027,0.013892498375000003,14,0.007,1.9846426250000004,53978.39624345479
simard_2006,Flamingo5B,33,12,live,Rhizophora,mangle,16.9,12,199707.07791242495,0.022431095374999998,14,0.007,3.204442196428571,62321.94736887542
simard_2006,Flamingo5B,33,13,live,Rhizophora,mangle,19.7,14.07,297509.0719405841,0.030479618375,14,0.007,4.354231196428572,68326.42974599214
simard_2006,Flamingo5B,33,14,live,Rhizophora,mangle,7.3,10.97,22517.87798260226,0.0041852633750000005,14,0.007,0.5978947678571429,37661.94185526396
simard_2006,Flamingo5B,333,1,live,Laguncularia,racemosa,20.3,22.58,321645.6807106608,0.032364518375000005,14,0.007,4.623502625,69567.53500505709
simard_2006,Flamingo5B,333,2,live,Laguncularia,racemosa,14.5,21.89,134104.95692723908,0.016512509375,14,0.007,2.358929910714286,56849.911613792705
simard_2006,Flamingo5B,333,3,live,Laguncularia,racemosa,21.4,14.73,368946.874738271,0.035967033499999995,14,0.007,5.138147642857142,71805.4249085596
simard_2006,Flamingo5B,333,4,live,Laguncularia,racemosa,27.4,22.14,701519.0816111625,0.058962813499999996,14,0.007,8.423259071428571,83283.56941919228
simard_2006,Flamingo5B,333,5,live,Laguncularia,racemosa,22.1,22.14,401151.05320723157,0.038358500375000014,14,0.007,5.479785767857145,73205.60879592573
simard_2006,Flamingo5B,333,6,live,Avicennia,germinans,11.3,8.76,47153.756885871684,0.010028453375000001,14,0.007,1.4326361964285717,32913.97844297219
simard_2006,Flamingo5B,333,7,live,Rhizophora,mangle,26.8,18.94,662275.1957116323,0.05640877400000001,14,0.007,8.058396285714286,82184.49083792223
simard_2006,Flamingo5B,333,8,live,Rhizophora,mangle,27.2,22.78,688283.2102861946,0.058105184,14,0.007,8.300740571428571,82918.28956265523
simard_2006,Flamingo5B,333,9,live,Rhizophora,mangle,22.2,20.54,405887.5767045016,0.0387064215,14,0.007,5.529488785714285,73404.17757119477
simard_2006,Flamingo5B,333,10,live,Laguncularia,racemosa,16,14.3,173220.77610095116,0.0201056,14,0.007,2.8722285714285714,60308.84095509003
simard_2006,Flamingo5B,333,11,live,Rhizophora,mangle,22,20.85,396448.69747266057,0.03801215,14,0.007,5.430307142857143,73006.68029323845
simard_2006,Flamingo5B,333,12,live,Rhizophora,mangle,20,19.71,309432.5625380361,0.031415000000000005,14,0.007,4.487857142857144,68948.84411161076
simard_2006,Flamingo5B,333,13,live,Rhizophora,mangle,29.8,20.66,872670.5333148259,0.0697444415,14,0.007,9.963491642857143,87586.81841625732
simard_2006,Flamingo5B,333,14,live,Rhizophora,mangle,24.3,17.19,513410.01548861596,0.046375608375,14,0.007,6.625086910714286,77494.83477089397
simard_2006,Flamingo5B,433,1,live,Laguncularia,racemosa,27.4,24.45,701519.0816111625,0.058962813499999996,16,0.008,7.3703516874999995,95181.22219336261
simard_2006,Flamingo5B,433,2,live,Avicennia,germinans,25.7,19.45,338818.824729374,0.05187323337500001,16,0.008,6.484154171875001,52253.3572997076
simard_2006,Flamingo5B,433,3,live,Rhizophora,mangle,5.8,8.7,12382.285359399597,0.0026420015000000003,16,0.008,0.3302501875,37493.65126219526
simard_2006,Flamingo5B,433,4,live,Rhizophora,mangle,23.8,22.75,486393.89309848537,0.04448678150000001,16,0.008,5.560847687500001,87467.58056183234
simard_2006,Flamingo5B,433,5,live,Rhizophora,mangle,19,15.26,270799.2066381471,0.0283520375,16,0.008,3.5440046874999998,76410.51028890524
simard_2006,Flamingo5B,433,6,live,Rhizophora,mangle,15.6,18.91,162185.48389353495,0.019112886,16,0.008,2.38911075,67885.2932596511
simard_2006,Flamingo5B,433,7,live,Laguncularia,racemosa,31.1,23,975135.6557146643,0.07596225537500001,16,0.008,9.495281921875002,102696.86184547826
simard_2006,Flamingo5B,433,8,live,Rhizophora,mangle,26.9,23.03,668719.4471652551,0.05683052037499999,16,0.008,7.103815046874999,94135.25588049028
simard_2006,Flamingo5B,433,9,live,Laguncularia,racemosa,14.5,14.69,134104.95692723908,0.016512509375,16,0.008,2.064063671875,64971.32755862024
simard_2006,Flamingo5B,433,10,live,Rhizophora,mangle,20.8,21,342651.54635261756,0.03397846400000001,16,0.008,4.247308000000001,80674.99374959797
simard_2006,Flamingo5B,433,11,live,Laguncularia,racemosa,26.6,23.82,649501.6824940488,0.05556999350000001,16,0.008,6.946249187500001,93503.94219413378
simard_2006,Flamingo5B,433,12,live,Rhizophora,mangle,23.6,23.7,475838.12210814527,0.043742246000000005,16,0.008,5.46778075,87025.82343085817
simard_2006,Flamingo5B,433,13,live,Laguncularia,racemosa,20.4,16.22,325781.5314254728,0.032684166,16,0.008,4.08552075,79740.51567978766
simard_2006,Flamingo5B,433,14,live,Rhizophora,mangle,18.6,17.62,256225.10522051176,0.027170833500000005,16,0.008,3.3963541875000005,75441.22051920467
simard_2006,Flamingo5B,433,15,live,Rhizophora,mangle,23.1,27.4,450069.07504146564,0.041908395375000004,16,0.008,5.238549421875001,85914.82847562317
simard_2006,Flamingo5B,433,16,live,Avicennia,germinans,41.2,18.65,1051674.5253520904,0.13331269400000004,16,0.008,16.664086750000003,63110.240670830055
simard_2006,Flamingo5B,633,1,live,Rhizophora,mangle,14.5,14.84,134104.95692723908,0.016512509375,11,0.0055,3.0022744318181824,44667.78769655141
simard_2006,Flamingo5B,633,2,live,Rhizophora,mangle,6.6,8.69,17326.157485750893,0.0034210935,11,0.0055,0.622017,27854.79735401266
simard_2006,Flamingo5B,633,3,live,Rhizophora,mangle,14.3,15.41,129348.5970469346,0.016060133375,11,0.0055,2.9200242500000004,44297.096863813575
simard_2006,Flamingo5B,633,4,live,Rhizophora,mangle,9.2,11.2,41090.02223594582,0.006647413999999999,11,0.0055,1.2086207272727272,33997.44957929535
simard_2006,Flamingo5B,633,5,live,Rhizophora,mangle,16.5,9.91,187649.01113972144,0.021381834375000002,11,0.0055,3.8876062500000006,48268.52285766374
simard_2006,Flamingo5B,633,6,live,Rhizophora,mangle,18.6,13.54,256225.10522051176,0.027170833500000005,11,0.0055,4.940151545454547,51865.83910695321
simard_2006,Flamingo5B,633,7,live,Rhizophora,mangle,20.5,16.3,329949.9477525354,0.033005384375,11,0.0055,6.0009789772727276,54982.68682528999
simard_2006,Flamingo5B,633,8,live,Rhizophora,mangle,20.3,12.24,321645.6807106608,0.032364518375000005,11,0.0055,5.884457886363638,54660.206075401984
simard_2006,Flamingo5B,633,9,live,Rhizophora,mangle,19.2,9.82,278273.0959412318,0.028952064000000003,11,0.0055,5.264011636363637,52863.313222738616
simard_2006,Flamingo5B,633,10,live,Rhizophora,mangle,23.6,12,475838.12210814527,0.043742246000000005,11,0.0055,7.953135636363638,59830.25360871498
simard_2006,Flamingo5B,633,11,live,Rhizophora,mangle,9.9,10.16,49720.962957812204,0.007697460375000001,11,0.0055,1.3995382500000002,35526.6910052742
simard_2006,Flamingo5B,733,1,live,Rhizophora,mangle,16,17.01,173220.77610095116,0.0201056,10,0.005,4.02112,43077.74353935003
simard_2006,Flamingo5B,733,2,live,Laguncularia,racemosa,25.8,18.68,599928.1778790079,0.0522777015,10,0.005,10.455540300000001,57378.974272521125
simard_2006,Flamingo5B,733,3,live,Laguncularia,racemosa,33.2,16.69,1155705.1346956557,0.08656717400000002,10,0.005,17.313434800000003,66751.92693108218
simard_2006,Flamingo5B,733,4,live,Rhizophora,mangle,27.6,15.16,714910.4389113963,0.05982672600000001,10,0.005,11.965345200000002,59748.4173637879
simard_2006,Flamingo5B,733,5,live,Rhizophora,mangle,11.6,6.46,75072.14020200452,0.010568006000000001,10,0.005,2.1136012,35518.592723170535
simard_2006,Flamingo5B,733,6,live,Rhizophora,mangle,22.7,18.11,430085.94859667774,0.040469588375000004,10,0.005,8.093917675,53136.93144237197
simard_2006,Flamingo5B,733,7,live,Rhizophora,mangle,5.9,6.11,12945.035788719242,0.0027338903750000003,10,0.005,0.5467780750000001,23675.118627825814
simard_2006,Flamingo5B,733,8,live,Rhizophora,mangle,5.1,5.8,8862.790490434978,0.002042760375,10,0.005,0.408552075,21693.172138300797
simard_2006,Flamingo5B,733,9,live,Rhizophora,mangle,7.5,8.43,24157.239777367053,0.004417734375,10,0.005,0.8835468750000001,27341.209007577614
simard_2006,Flamingo5B,733,10,live,Rhizophora,mangle,15.6,15.2,162185.48389353495,0.019112886,10,0.005,3.8225771999999996,42428.308287281936
