<?xml version="1.0" encoding="UTF-8"?>
<eml:eml packageId="knb-lter-fce.1113.3"
  system="https://pasta.edirepository.org"
  xmlns:eml="eml://ecoinformatics.org/eml-2.1.0"
  xmlns:xsi="http://www.w3.org/2001/XMLSchema-instance" xsi:schemaLocation="eml://ecoinformatics.org/eml-2.1.0 http://nis.lternet.edu/schemas/eml/eml-2.1.0/eml.xsd">
  <access authSystem="https://pasta.edirepository.org/authentication"
    order="allowFirst" scope="document" system="https://pasta.edirepository.org">
    <allow>
      <principal>uid=FCE,o=lter,dc=ecoinformatics,dc=org</principal>
      <permission>read</permission>
    </allow>
    <allow>
      <principal>public</principal>
      <permission>read</permission>
    </allow>
  </access>
  <dataset id="LT_PP_Rivera_002">
    <alternateIdentifier>LT_PP_Rivera_002</alternateIdentifier>
    <alternateIdentifier system="https://doi.org">doi:10.6073/pasta/0c8f485c7095dfed160e66b9b959f470</alternateIdentifier>
    <title>Mangrove Forest Growth from the Shark River Slough, Everglades National Park (FCE), South Florida from January 1995 to Present</title>
    <creator>
      <individualName>
        <salutation>Dr.</salutation>
        <givenName>Robert</givenName>
        <surName>Twilley</surName>
      </individualName>
      <organizationName>Louisiana Sea Grant Program</organizationName>
      <positionName>LTER Project Collaborator</positionName>
      <address>
        <deliveryPoint>239 Sea Grant Building</deliveryPoint>
        <deliveryPoint> Louisiana State University</deliveryPoint>
        <city>Baton Rouge</city>
        <administrativeArea>LA</administrativeArea>
        <postalCode>70803</postalCode>
        <country>USA</country>
      </address>
      <phone phonetype="voice">(225) 578-6445</phone>
      <phone phonetype="fax">(225) 578-6331</phone>
      <electronicMailAddress>rtwilley@lsu.edu</electronicMailAddress>
      <onlineUrl>http://www.gulfbase.org/</onlineUrl>
      <userId directory="http://orchid.org">http://orchid.org/0000-0002-6173-6033</userId>
    </creator>
    <creator>
      <individualName>
        <salutation>Dr.</salutation>
        <givenName>Victor</givenName>
        <surName>Rivera-Monroy</surName>
      </individualName>
      <organizationName>Wetland Biogeochemistry Institute</organizationName>
      <positionName>LTER Project Collaborator</positionName>
      <address>
        <deliveryPoint>Department of Oceanography and Coastal Sciences</deliveryPoint>
        <deliveryPoint> Louisiana State University</deliveryPoint>
        <deliveryPoint> 3209 Energy, Coast, and Environment Building</deliveryPoint>
        <city>Baton Rouge</city>
        <administrativeArea>LA</administrativeArea>
        <postalCode>70803</postalCode>
        <country>USA</country>
      </address>
      <phone phonetype="voice">(225) 578-2773</phone>
      <phone phonetype="fax">(225) 578-6423</phone>
      <electronicMailAddress>vhrivera@lsu.edu</electronicMailAddress>
      <onlineUrl>http://www.oceanography.lsu.edu/</onlineUrl>
    </creator>
    <creator>
      <individualName>
        <salutation>Dr.</salutation>
        <givenName>Edward</givenName>
        <surName>Castaneda</surName>
      </individualName>
      <organizationName>Southeast Environmental Research Center</organizationName>
      <positionName>LTER Research Associate</positionName>
      <address>
        <deliveryPoint>Southeast Environmental Research Center</deliveryPoint>
        <deliveryPoint> Florida International University</deliveryPoint>
        <deliveryPoint>11200 SW 8th Street, OE 148</deliveryPoint>
        <city>Miami</city>
        <administrativeArea>FL</administrativeArea>
        <postalCode>33199</postalCode>
        <country>USA</country>
      </address>
      <phone phonetype="voice">(305) 348-1576</phone>
      <phone phonetype="fax">(305) 348-4096</phone>
      <electronicMailAddress>edward.castaneda@fiu.edu</electronicMailAddress>
      <onlineUrl>https://sercweb.fiu.edu</onlineUrl>
    </creator>
    <metadataProvider>
      <organizationName>Florida Coastal Everglades LTER Program</organizationName>
      <address>
        <deliveryPoint>Florida International University</deliveryPoint>
        <deliveryPoint> University Park</deliveryPoint>
        <deliveryPoint> OE 148</deliveryPoint>
        <city>Miami</city>
        <administrativeArea>FL</administrativeArea>
        <postalCode>33199</postalCode>
        <country>USA</country>
      </address>
      <phone phonetype="voice">305-348-6054</phone>
      <electronicMailAddress>fcelter@fiu.edu  </electronicMailAddress>
      <onlineUrl>http://fcelter.fiu.edu  </onlineUrl>
    </metadataProvider>
    <associatedParty>
      <individualName>
        <givenName>Victor</givenName>
        <surName>Rivera-Monroy</surName>
      </individualName>
      <organizationName>Wetland Biogeochemistry Institute</organizationName>
      <address>
        <deliveryPoint>Department of Oceanography and Coastal Sciences</deliveryPoint>
        <deliveryPoint> Louisiana State University</deliveryPoint>
        <deliveryPoint> 3209 Energy, Coast, and Environment Building</deliveryPoint>
        <city>Baton Rouge</city>
        <administrativeArea>LA</administrativeArea>
        <postalCode>70803</postalCode>
        <country>USA</country>
      </address>
      <phone phonetype="voice">(225) 578-2773</phone>
      <phone phonetype="fax">(225) 578-6423</phone>
      <electronicMailAddress>vhrivera@lsu.edu</electronicMailAddress>
      <onlineUrl>http://www.oceanography.lsu.edu/</onlineUrl>
      <role>Project Collaborator</role>
    </associatedParty>
    <associatedParty>
      <individualName>
        <givenName>Robert</givenName>
        <surName>Twilley</surName>
      </individualName>
      <organizationName>Louisiana Sea Grant Program</organizationName>
      <address>
        <deliveryPoint>239 Sea Grant Building</deliveryPoint>
        <deliveryPoint> Louisiana State University</deliveryPoint>
        <city>Baton Rouge</city>
        <administrativeArea>LA</administrativeArea>
        <postalCode>70803</postalCode>
        <country>USA</country>
      </address>
      <phone phonetype="voice">(225) 578-6445</phone>
      <phone phonetype="fax">(225) 578-6331</phone>
      <electronicMailAddress>rtwilley@lsu.edu</electronicMailAddress>
      <onlineUrl>http://www.gulfbase.org/</onlineUrl>
      <role>Project Collaborator</role>
    </associatedParty>
    <associatedParty>
      <individualName>
        <givenName>Edward</givenName>
        <surName>Castaneda</surName>
      </individualName>
      <organizationName>Southeast Environmental Research Center</organizationName>
      <address>
        <deliveryPoint>LTER Research Associate</deliveryPoint>
        <city>Southeast Environmental Research Center| Florida International University|11200 SW 8th Street, OE 148</city>
        <administrativeArea>Miami</administrativeArea>
        <postalCode>FL</postalCode>
        <country>33199</country>
      </address>
      <phone phonetype="voice">USA</phone>
      <phone phonetype="fax">(305) 348-1576</phone>
      <electronicMailAddress>(305) 348-4096</electronicMailAddress>
      <onlineUrl>https://sercweb.fiu.edu</onlineUrl>
      <role>edward.castaneda@fiu.edu</role>
    </associatedParty>
    <pubDate>2018-02-16</pubDate>
    <abstract>
      <para>All mangrove trees having a diameter at breast high (DBH) greater than 2.5 cm were tagged in two 20 x 20 m plot in stations SRS4-6 and TS/Ph-8. Measurements in PLot Num1 began in 1995; measurements in Plot Num 2 began in 2001. Plot Num1 in TS/Ph-8 was established in 2001. DBH has been measured in the period 1995-2004.  Mangrove species include Rhizophora mangle, Laguncularia racemosa, Avicennia germinans, Conacarpus erectus. </para>
    </abstract>
    <keywordSet>
      <keyword>mangroves</keyword>
      <keywordThesaurus>LTER Controlled Vocabulary</keywordThesaurus>
    </keywordSet>
    <keywordSet>
      <keyword>FCE</keyword>
      <keyword>Florida Coastal Everglades LTER</keyword>
      <keyword>ecological research</keyword>
      <keyword>long-term monitoring</keyword>
      <keyword>productivity</keyword>
      <keyword>primary production</keyword>
      <keyword>Shark River Slough</keyword>
      <keyword>mangrove forest</keyword>
      <keyword>growth</keyword>
      <keyword>Rhizophora mangle</keyword>
      <keyword>Laguncularia racemosa</keyword>
      <keyword>Avicennia germinans</keyword>
      <keyword>Conacarpus erectus</keyword>
      <keyword>tree growth</keyword>
      <keyword>Taylor Slough</keyword>
      <keyword>trees</keyword>
      <keyword>wetlands</keyword>
      <keywordThesaurus>LTER Keyword Thesaurus</keywordThesaurus>
    </keywordSet>
    <intellectualRights>
      <para>This information is released under the Creative Commons license - Attribution - CC BY (https://creativecommons.org/licenses/by/4.0/). The consumer of these data ("Data User" herein) is required to cite it appropriately in any publication that results from its use. The Data User should realize that these data may be actively used by others for ongoing research and that coordination may be necessary to prevent duplicate publication. The Data User is urged to contact the authors of these data if any questions about methodology or results occur. Where appropriate, the Data User is encouraged to consider collaboration or co-authorship with the authors. The Data User should realize that misinterpretation of data may occur if used out of context of the original study. While substantial efforts are made to ensure the accuracy of data and associated documentation, complete accuracy of data sets cannot be guaranteed. All data are made available "as is." The Data User should be aware, however, that data are updated periodically and it is the responsibility of the Data User to check for new versions of the data. The data authors and the repository where these data were obtained shall not be liable for damages resulting from any use or misinterpretation of the data. Thank you.</para>
    </intellectualRights>
    <distribution>
      <online>
        <url>http://fcelter.fiu.edu/perl/public_data_download.pl?datasetid=LT_PP_Rivera_002.txt</url>
      </online>
    </distribution>
    <coverage>
      <geographicCoverage>
        <geographicDescription>Data were collected in the Shark River Slough and Taylor Slough, within Everglades National Park, South Florida</geographicDescription>
        <boundingCoordinates>
          <westBoundingCoordinate>-81.078</westBoundingCoordinate>
          <eastBoundingCoordinate>-80.525</eastBoundingCoordinate>
          <northBoundingCoordinate>25.410</northBoundingCoordinate>
          <southBoundingCoordinate>25.233</southBoundingCoordinate>
        </boundingCoordinates>
      </geographicCoverage>
      <geographicCoverage>
        <geographicDescription>Florida Coastal Everglades LTER Study Area: South Florida, Everglades National Park, and Florida Bay</geographicDescription>
        <boundingCoordinates>
          <westBoundingCoordinate>-81.078</westBoundingCoordinate>
          <eastBoundingCoordinate>-80.490</eastBoundingCoordinate>
          <northBoundingCoordinate>25.761</northBoundingCoordinate>
          <southBoundingCoordinate>24.913</southBoundingCoordinate>
        </boundingCoordinates>
      </geographicCoverage>
      <temporalCoverage>
        <rangeOfDates>
          <beginDate>
            <calendarDate>1995-01-13</calendarDate>
          </beginDate>
          <endDate>
            <calendarDate>2015-12-18</calendarDate>
          </endDate>
        </rangeOfDates>
      </temporalCoverage>
      <taxonomicCoverage>
        <taxonomicClassification>
          <taxonRankName>Species</taxonRankName>
          <taxonRankValue>Rhizophora mangle</taxonRankValue>
        </taxonomicClassification>
        <taxonomicClassification>
          <taxonRankName>Species</taxonRankName>
          <taxonRankValue>Laguncularia racemosa</taxonRankValue>
        </taxonomicClassification>
        <taxonomicClassification>
          <taxonRankName>Species</taxonRankName>
          <taxonRankValue>Avicennia germinans</taxonRankValue>
        </taxonomicClassification>
        <taxonomicClassification>
          <taxonRankName>Species</taxonRankName>
          <taxonRankValue>Conacarpus erectus</taxonRankValue>
        </taxonomicClassification>
      </taxonomicCoverage>
    </coverage>
    <maintenance>
      <description>
        <para>This is a long-term primary production dataset and subsequent data wil be appended. This dataset replaces all previous versions of LT_PP_Rivera_002 original and all previous versions (v1-v2).  The FCE program is discontinuing its practice of versioning data as of March 2013.</para>
      </description>
      <changeHistory>
        <changeScope>Added new data</changeScope>
        <oldValue>Added new Data download URL and new FCE III Project information</oldValue>
        <changeDate>2018-02-16</changeDate>
      </changeHistory>
    </maintenance>
    <contact>
      <individualName>
        <givenName>Victor</givenName>
        <surName>Rivera-Monroy</surName>
      </individualName>
      <organizationName>Wetland Biogeochemistry Institute</organizationName>
      <positionName>LTER Project Collaborator</positionName>
      <address>
        <deliveryPoint>Department of Oceanography and Coastal Sciences</deliveryPoint>
        <deliveryPoint> Louisiana State University</deliveryPoint>
        <deliveryPoint> 3209 Energy, Coast, and Environment Building</deliveryPoint>
        <city>Baton Rouge</city>
        <administrativeArea>LA</administrativeArea>
        <postalCode>70803</postalCode>
        <country>USA</country>
      </address>
      <phone phonetype="voice">(225) 578-2773</phone>
      <phone phonetype="fax">(225) 578-6423</phone>
      <electronicMailAddress>vhrivera@lsu.edu</electronicMailAddress>
      <onlineUrl>http://www.oceanography.lsu.edu/</onlineUrl>
    </contact>
    <contact>
      <organizationName>Florida Coastal Everglades LTER Program</organizationName>
      <positionName>Information Manager</positionName>
      <address>
        <deliveryPoint>Florida International University</deliveryPoint>
        <deliveryPoint> University Park</deliveryPoint>
        <deliveryPoint> OE 148</deliveryPoint>
        <city>Miami</city>
        <administrativeArea>FL</administrativeArea>
        <postalCode>33199</postalCode>
        <country>USA</country>
      </address>
      <phone phonetype="voice">305-348-6054</phone>
      <phone phonetype="fax">305-348-4096</phone>
      <electronicMailAddress>fcelter@fiu.edu</electronicMailAddress>
      <onlineUrl>http://fcelter.fiu.edu</onlineUrl>
    </contact>
    <publisher>
      <organizationName>Florida Coastal Everglades LTER Program</organizationName>
      <address>
        <deliveryPoint>Florida International University</deliveryPoint>
        <deliveryPoint> University Park</deliveryPoint>
        <deliveryPoint> OE 148</deliveryPoint>
        <city>Miami</city>
        <administrativeArea>FL</administrativeArea>
        <postalCode>33199</postalCode>
        <country>USA</country>
      </address>
      <phone phonetype="voice">305-348-6054</phone>
      <electronicMailAddress>fcelter@fiu.edu  </electronicMailAddress>
      <onlineUrl>http://fcelter.fiu.edu  </onlineUrl>
    </publisher>
    <methods>
      <methodStep>
        <description>
          <para>An aluminum nail was placed at breast height (1.5 m) along with an numbered aluminum tag in each tree. DBH is measured above and below the nail at each sampling time; the mean value from these measurements is used for growth calculations.  Tree height is measured using a calibrated range finder, accuracy of height measurements is plus or minus 3.5 m due to canopy density)</para>
        </description>
        <instrumentation>Standard DBH tape</instrumentation>
        <instrumentation>range finder</instrumentation>
      </methodStep>
      <sampling>
        <studyExtent>
          <description>
            <para>The Study Extent of this dataset includes some of the FCE Shark River Slough and Taylor Slough research sites within Everglades National Park, South Florida</para>
          </description>
        </studyExtent>
        <samplingDescription>
          <para>The annual net increase in biomass will be estimated  at different time intervals for each individual tree/species.  The sum of these differences will represent  the wood production for each site. The general objectives of this study are to evaluate differences in above ground  productivity along soil P concentrations, soil salinity gradients, and hydroperiod. Information will be analyzed using a repeated-measures ANOVA. Two plots of 20 x 20m in each sampling station (only one in TS/Ph-8)</para>
        </samplingDescription>
        <spatialSamplingUnits>
          <coverage>
            <geographicDescription>FCE LTER Site SRS4</geographicDescription>
            <boundingCoordinates>
              <westBoundingCoordinate>-80.964</westBoundingCoordinate>
              <eastBoundingCoordinate>-80.964</eastBoundingCoordinate>
              <northBoundingCoordinate>25.410</northBoundingCoordinate>
              <southBoundingCoordinate>25.410</southBoundingCoordinate>
            </boundingCoordinates>
          </coverage>
          <coverage>
            <geographicDescription>FCE LTER Site SRS5</geographicDescription>
            <boundingCoordinates>
              <westBoundingCoordinate>-81.032</westBoundingCoordinate>
              <eastBoundingCoordinate>-81.032</eastBoundingCoordinate>
              <northBoundingCoordinate>25.377</northBoundingCoordinate>
              <southBoundingCoordinate>25.377</southBoundingCoordinate>
            </boundingCoordinates>
          </coverage>
          <coverage>
            <geographicDescription>FCE LTER Site SRS6</geographicDescription>
            <boundingCoordinates>
              <westBoundingCoordinate>-81.078</westBoundingCoordinate>
              <eastBoundingCoordinate>-81.078</eastBoundingCoordinate>
              <northBoundingCoordinate>25.365</northBoundingCoordinate>
              <southBoundingCoordinate>25.365</southBoundingCoordinate>
            </boundingCoordinates>
          </coverage>
          <coverage>
            <geographicDescription>FCE LTER Site TS/Ph8</geographicDescription>
            <boundingCoordinates>
              <westBoundingCoordinate>-80.525</westBoundingCoordinate>
              <eastBoundingCoordinate>-80.525</eastBoundingCoordinate>
              <northBoundingCoordinate>25.233</northBoundingCoordinate>
              <southBoundingCoordinate>25.233</southBoundingCoordinate>
            </boundingCoordinates>
          </coverage>
        </spatialSamplingUnits>
      </sampling>
      <qualityControl>
        <description>
          <para>Descriptive statistics, normal distribution plots, standard validation checks for negative numbers, graphs to detect potential outliers</para>
        </description>
      </qualityControl>
    </methods>
    <project id="1">
      <title>Florida Coastal Everglades LTER: Coastal Oligotrophic Ecosystems Research-the Coastal Everglades</title>
      <personnel>
        <individualName>
          <givenName>Daniel</givenName>
          <surName>Childers</surName>
        </individualName>
        <organizationName>Florida Coastal Everglades LTER Program</organizationName>
        <address>
          <deliveryPoint>Department of Biological Sciences</deliveryPoint>
          <deliveryPoint>Florida International University</deliveryPoint>
          <deliveryPoint>University Park</deliveryPoint>
          <deliveryPoint>OE 167</deliveryPoint>
          <city>Miami</city>
          <administrativeArea>FL</administrativeArea>
          <postalCode>33199</postalCode>
          <country>USA</country>
        </address>
        <phone phonetype="voice">305-348-3101</phone>
        <phone phonetype="fax">305-348-1986</phone>
        <electronicMailAddress>childers@fiu.edu</electronicMailAddress>
        <role>Lead Principal Investigator</role>
      </personnel>
      <personnel>
        <individualName>
          <givenName>Joseph</givenName>
          <surName>Boyer</surName>
        </individualName>
        <organizationName>Florida Coastal Everglades LTER Program</organizationName>
        <address>
          <deliveryPoint>Southeast Environmental Research Center</deliveryPoint>
          <deliveryPoint>Florida International University</deliveryPoint>
          <deliveryPoint> University Park</deliveryPoint>
          <deliveryPoint> OE 148</deliveryPoint>
          <city>Miami</city>
          <administrativeArea>FL</administrativeArea>
          <postalCode>33199</postalCode>
          <country>USA</country>
        </address>
        <phone phonetype="voice">305-348-4076</phone>
        <phone phonetype="fax">305-348-4096</phone>
        <role>Principal Investigator</role>
      </personnel>
      <personnel>
        <individualName>
          <givenName>James</givenName>
          <surName>Fourqurean</surName>
        </individualName>
        <organizationName>Florida Coastal Everglades LTER Program</organizationName>
        <address>
          <deliveryPoint>Department of Biological Sciences</deliveryPoint>
          <deliveryPoint>Florida International University</deliveryPoint>
          <deliveryPoint>University Park</deliveryPoint>
          <deliveryPoint>OE 167</deliveryPoint>
          <city>Miami</city>
          <administrativeArea>FL</administrativeArea>
          <postalCode>33199</postalCode>
          <country>USA</country>
        </address>
        <phone phonetype="voice">305-348-4084</phone>
        <phone phonetype="fax">305-348-4096</phone>
        <role>Principal Investigator</role>
      </personnel>
      <personnel>
        <individualName>
          <givenName>Rudolf</givenName>
          <surName>Jaffe</surName>
        </individualName>
        <organizationName>Florida Coastal Everglades LTER Program</organizationName>
        <address>
          <deliveryPoint>Department of Chemistry</deliveryPoint>
          <deliveryPoint>Florida International University</deliveryPoint>
          <deliveryPoint>University Park</deliveryPoint>
          <deliveryPoint>CP 304</deliveryPoint>
          <city>Miami</city>
          <administrativeArea>FL</administrativeArea>
          <postalCode>33199</postalCode>
          <country>USA</country>
        </address>
        <phone phonetype="voice">305-348-2456</phone>
        <phone phonetype="fax">305-348-4096</phone>
        <role>Principal Investigator</role>
      </personnel>
      <personnel>
        <individualName>
          <givenName>Joel</givenName>
          <surName>Trexler</surName>
        </individualName>
        <organizationName>Florida Coastal Everglades LTER Program</organizationName>
        <address>
          <deliveryPoint>Department of Biological Sciences</deliveryPoint>
          <deliveryPoint>Florida International University</deliveryPoint>
          <deliveryPoint>University Park</deliveryPoint>
          <deliveryPoint>OE 167</deliveryPoint>
          <city>Miami</city>
          <administrativeArea>FL</administrativeArea>
          <postalCode>33199</postalCode>
          <country>USA</country>
        </address>
        <phone phonetype="voice">305-348-1966</phone>
        <phone phonetype="fax">305-348-1986</phone>
        <role>Principal Investigator</role>
      </personnel>
      <abstract>
        <para>We are investigating how variability in regional climate, freshwater inputs, disturbance, and perturbations affect the coastal Everglades ecosystem. Our long term research program focuses on testing the following central idea and hypotheses:  Regional processes mediated by water flow control population and ecosystem level dynamics at any location within the coastal Everglades landscape. This phenomenon is best exemplified in the dynamics of an estuarine oligohaline zone where fresh water draining phosphorus-limited Everglades marshes mixes with water from the more nitrogen-limited coastal ocean. Hypothesis 1: In nutrient-poor coastal systems, long-term changes in the quantity or quality of organic matter inputs will exert strong and direct controls on estuarine productivity, because inorganic nutrients are at such low levels. Hypothesis 2: Interannual and long-term changes in freshwater flow controls the magnitude of nutrients and organic matter inputs to the estuarine zone, while ecological processes in the freshwater marsh and coastal ocean control the quality and characteristics of those inputs. Hypothesis 3: Long-term changes in freshwater flow (primarily manifest through management and Everglades restoration) will interact with long-term changes in the climatic and disturbance (sea level rise, hurricanes, fires) regimes to modify ecological pattern and process across coastal landscapes.</para>
      </abstract>
      <funding>
        <para>National Science Foundation under Grant # 9910514</para>
      </funding>
      <studyAreaDescription>
        <coverage>
          <geographicCoverage>
            <geographicDescription>The FCE LTER Project Study area is located in South Florida, mostly in Everglades National Park. There are a total of 21 sampling sites located in two major regions: 1) Shark River Slough and 2) Taylor Slough/Panhandle.</geographicDescription>
            <boundingCoordinates>
              <westBoundingCoordinate>-81.078</westBoundingCoordinate>
              <eastBoundingCoordinate>-80.490</eastBoundingCoordinate>
              <northBoundingCoordinate>25.761</northBoundingCoordinate>
              <southBoundingCoordinate>24.913</southBoundingCoordinate>
            </boundingCoordinates>
          </geographicCoverage>
          <temporalCoverage>
            <rangeOfDates>
              <beginDate>
                <calendarDate>2000-05-01</calendarDate>
              </beginDate>
              <endDate>
                <calendarDate> 2006-04-30</calendarDate>
              </endDate>
            </rangeOfDates>
          </temporalCoverage>
        </coverage>
      </studyAreaDescription>
      <relatedProject id="26">
        <title>FCE LTER II:  Coastal Oligotrophic Ecosystems Research</title>
        <personnel>
          <individualName>
            <givenName>Evelyn </givenName>
            <surName>Gaiser</surName>
          </individualName>
          <organizationName>Florida Coastal Everglades LTER Program</organizationName>
          <address>
            <deliveryPoint>Florida International University</deliveryPoint>
            <deliveryPoint> University Park</deliveryPoint>
            <deliveryPoint> OE 148</deliveryPoint>
            <city>Miami</city>
            <administrativeArea>FL</administrativeArea>
            <postalCode>33199</postalCode>
            <country>USA</country>
          </address>
          <phone phonetype="voice">305-348-6145</phone>
          <phone phonetype="fax">305-348-4096</phone>
          <electronicMailAddress>gaisere@fiu.edu</electronicMailAddress>
          <role>Lead Principal Investigator</role>
        </personnel>
        <personnel>
          <individualName>
            <givenName>Mike</givenName>
            <surName>Heithaus</surName>
          </individualName>
          <organizationName>Florida Coastal Everglades LTER Program</organizationName>
          <address>
            <deliveryPoint>Department of Biological Sciences</deliveryPoint>
            <deliveryPoint>Marine Biology Program</deliveryPoint>
            <deliveryPoint>Florida International University</deliveryPoint>
            <deliveryPoint>Biscayne Bay Campus</deliveryPoint>
            <city>Miami</city>
            <administrativeArea>FL </administrativeArea>
            <postalCode>33181</postalCode>
            <country>USA</country>
          </address>
          <phone phonetype="voice">(305) 919-5234</phone>
          <phone phonetype="fax">(305) 919-4030</phone>
          <electronicMailAddress>heithaus@fiu.edu</electronicMailAddress>
          <role>Principal Investigator</role>
        </personnel>
        <personnel>
          <individualName>
            <givenName>Rudolf</givenName>
            <surName>Jaffe</surName>
          </individualName>
          <organizationName>Florida Coastal Everglades LTER Program</organizationName>
          <address>
            <deliveryPoint>Department of Chemistry</deliveryPoint>
            <deliveryPoint>Florida International University</deliveryPoint>
            <deliveryPoint>University Park</deliveryPoint>
            <deliveryPoint>CP 304</deliveryPoint>
            <city>Miami</city>
            <administrativeArea>FL</administrativeArea>
            <postalCode>33199</postalCode>
            <country>USA</country>
          </address>
          <phone phonetype="voice">305-348-2456</phone>
          <phone phonetype="fax">305-348-4096</phone>
          <electronicMailAddress>jaffer@fiu.edu </electronicMailAddress>
          <role>Principal Investigator</role>
        </personnel>
        <personnel>
          <individualName>
            <givenName>Rene</givenName>
            <surName>Price </surName>
          </individualName>
          <organizationName>Florida Coastal Everglades LTER Program</organizationName>
          <address>
            <deliveryPoint>Department of Earth Sciences</deliveryPoint>
            <deliveryPoint> Florida International University</deliveryPoint>
            <deliveryPoint> University Park</deliveryPoint>
            <deliveryPoint> PC 344</deliveryPoint>
            <deliveryPoint> 11200 SW 8th Street</deliveryPoint>
            <city>Miami</city>
            <administrativeArea>FL</administrativeArea>
            <postalCode>33199</postalCode>
            <country>USA</country>
          </address>
          <phone phonetype="voice">305-348-3119</phone>
          <phone phonetype="fax">305-348-3877</phone>
          <electronicMailAddress>pricer@fiu.edu</electronicMailAddress>
          <role>Principal Investigator</role>
        </personnel>
        <abstract>
          <para>Our FCE I research focused on understanding how dissolved organic matter from upstream oligotrophic marshes interacts with a marine source of phosphorus (P), the limiting nutrient, to control estuarine productivity where these two influences meet-in the oligohaline ecotone. This dynamic is affected by the interaction of local ecological processes and landscape-scale drivers (hydrologic, climatological, and human). During FCE I, our ideas about how these "upside-down" estuaries (Childers et al. 2006) function has evolved, and we have modified our central theme to reflect this new understanding. Our focus in FCE II will be even more strongly on the oligohaline ecotone region of our experimental transects. For FCE II, our overarching theme is:  In the coastal Everglades landscape, population and ecosystem-level dynamics are controlled by the relative importance of water source, water residence time, and local biotic processes. This phenomenon is best exemplified in the oligohaline ecotone, where these 3 factors interact most strongly and vary over many [temporal and spatial] scales.Hypothesis 1: Increasing inputs of fresh water will enhance oligotrophy in nutrient-poor coastal systems, as long as the inflowing water has low nutrient content; this dynamic will be most pronounced in the oligohaline ecotone.  Hypothesis 2: An increase in freshwater inflow will increase the physical transport of detrital organic matter to the oligohaline ecotone, which will enhance estuarine productivity. The quality of these allochthonous detrital inputs will be controlled by upstream ecological processes. Hypothesis 3: Water residence time, groundwater inputs, and tidal energy interact with climatic and disturbance regimes to modify ecological pattern and process in oligotrophic estuaries; this dynamic will be most pronounced in the oligohaline ecotone. Childers, D.L., J.N. Boyer, S.E. Davis, C.J. Madden, D.T. Rudnick, and F.H. Sklar, 2006. Relating precipitation and water management to nutrient concentration patterns in the oligotrophic "upside down" estuaries of the Florida Everglades. Limnology and Oceanography, 51(1): 602-616. </para>
        </abstract>
        <funding>
          <para>National Science Foundation under Grant # 9910514 and #0620409</para>
        </funding>
        <studyAreaDescription>
          <coverage>
            <geographicCoverage>
              <geographicDescription>The FCE LTER Project Study area is located in South Florida, mostly in Everglades National Park. There are a total of 20 sampling sites located in two major regions: 1) Shark River Slough and 2) Taylor Slough/Panhandle.</geographicDescription>
              <boundingCoordinates>
                <westBoundingCoordinate>-81.078</westBoundingCoordinate>
                <eastBoundingCoordinate>-80.490</eastBoundingCoordinate>
                <northBoundingCoordinate>25.761</northBoundingCoordinate>
                <southBoundingCoordinate>24.913</southBoundingCoordinate>
              </boundingCoordinates>
            </geographicCoverage>
            <temporalCoverage>
              <rangeOfDates>
                <beginDate>
                  <calendarDate>2006-12-01</calendarDate>
                </beginDate>
                <endDate>
                  <calendarDate>2012-12-01</calendarDate>
                </endDate>
              </rangeOfDates>
            </temporalCoverage>
          </coverage>
        </studyAreaDescription>
      </relatedProject>
      <relatedProject id="64">
        <title>FCE LTER III:  Coastal Oligotrophic Ecosystems Research</title>
        <personnel>
          <individualName>
            <givenName>Evelyn </givenName>
            <surName>Gaiser</surName>
          </individualName>
          <organizationName>Florida Coastal Everglades LTER Program</organizationName>
          <address>
            <deliveryPoint>Florida International University</deliveryPoint>
            <deliveryPoint> University Park</deliveryPoint>
            <deliveryPoint> OE 148</deliveryPoint>
            <city>Miami</city>
            <administrativeArea>FL</administrativeArea>
            <postalCode>33199</postalCode>
            <country>USA</country>
          </address>
          <phone phonetype="voice">305-348-6145</phone>
          <phone phonetype="fax">305-348-4096</phone>
          <electronicMailAddress>gaisere@fiu.edu</electronicMailAddress>
          <role>Lead Principal Investigator</role>
        </personnel>
        <personnel>
          <individualName>
            <givenName>Mike</givenName>
            <surName>Heithaus</surName>
          </individualName>
          <organizationName>Florida Coastal Everglades LTER Program</organizationName>
          <address>
            <deliveryPoint>Department of Biological Sciences</deliveryPoint>
            <deliveryPoint>Marine Biology Program</deliveryPoint>
            <deliveryPoint>Florida International University</deliveryPoint>
            <deliveryPoint>Biscayne Bay Campus</deliveryPoint>
            <city>Miami</city>
            <administrativeArea>FL </administrativeArea>
            <postalCode>33181</postalCode>
            <country>USA</country>
          </address>
          <phone phonetype="voice">(305) 919-5234</phone>
          <phone phonetype="fax">(305) 919-4030</phone>
          <electronicMailAddress>heithaus@fiu.edu</electronicMailAddress>
          <role>Principal Investigator</role>
        </personnel>
        <personnel>
          <individualName>
            <givenName>Rudolf</givenName>
            <surName>Jaffe</surName>
          </individualName>
          <organizationName>Florida Coastal Everglades LTER Program</organizationName>
          <address>
            <deliveryPoint>Department of Chemistry</deliveryPoint>
            <deliveryPoint>Florida International University</deliveryPoint>
            <deliveryPoint>University Park</deliveryPoint>
            <deliveryPoint>CP 304</deliveryPoint>
            <city>Miami</city>
            <administrativeArea>FL</administrativeArea>
            <postalCode>33199</postalCode>
            <country>USA</country>
          </address>
          <phone phonetype="voice">305-348-2456</phone>
          <phone phonetype="fax">305-348-4096</phone>
          <electronicMailAddress>jaffer@fiu.edu </electronicMailAddress>
          <role>Principal Investigator</role>
        </personnel>
        <personnel>
          <individualName>
            <givenName>Rene</givenName>
            <surName>Price </surName>
          </individualName>
          <organizationName>Florida Coastal Everglades LTER Program</organizationName>
          <address>
            <deliveryPoint>Department of Earth Sciences</deliveryPoint>
            <deliveryPoint> Florida International University</deliveryPoint>
            <deliveryPoint> University Park</deliveryPoint>
            <deliveryPoint> PC 344</deliveryPoint>
            <deliveryPoint> 11200 SW 8th Street</deliveryPoint>
            <city>Miami</city>
            <administrativeArea>FL</administrativeArea>
            <postalCode>33199</postalCode>
            <country>USA</country>
          </address>
          <phone phonetype="voice">305-348-3119</phone>
          <phone phonetype="fax">305-348-3877</phone>
          <electronicMailAddress>pricer@fiu.edu</electronicMailAddress>
          <role>Principal Investigator</role>
        </personnel>
        <personnel>
          <individualName>
            <givenName>Laura</givenName>
            <surName>Ogden</surName>
          </individualName>
          <organizationName>Florida Coastal Everglades LTER Program</organizationName>
          <address>
            <deliveryPoint>Department of Global &amp; Sociocultural Studies</deliveryPoint>
            <deliveryPoint> Florida International University</deliveryPoint>
            <deliveryPoint> University Park</deliveryPoint>
            <deliveryPoint> DM341C</deliveryPoint>
            <deliveryPoint> 11200 SW 8th Street</deliveryPoint>
            <city>Miami</city>
            <administrativeArea>FL</administrativeArea>
            <postalCode>33199</postalCode>
            <country>USA</country>
          </address>
          <phone phonetype="voice">305-348-6663</phone>
          <phone phonetype="fax">305-348-3605</phone>
          <electronicMailAddress>Laura.Ogden@fiu.edu</electronicMailAddress>
          <role>Principal Investigator</role>
        </personnel>
        <abstract>
          <para>Coastal ecosystems are being modified at unprecedented rates through interacting

pressures of global climate change and rapid human population growth, impacting natural coastal

resources and the services they provide. Located at the base of the shallow-sloping Florida peninsula, the Everglades wilderness and 6 million human residents are exceptionally exposed to both pressures. Further, freshwater drainage has accelerated saltwater intrusion over land and into the porous limestone aquifer, resulting in coastal ecosystem transgression and seasonal residential freshwater shortages. The unprecedented landscape-scale Everglades restoration process is expected to reverse some of these trends. However, it is not clear how uncertainties about climate change prognoses and their impacts (e.g., sea level rise (SLR), changes in storm activity or severity, and climate drivers of freshwater availability) may influence human activities (e.g., population growth, resource use, land-use change), and how their interaction will affect the restoration process that is already steeped in conflict. The Florida Coastal Everglades Long-Term Ecological Research (FCE LTER) program is dedicated to long-term coupled biophysical and cultural studies that expose and unravel complex feedbacks that generate distinctive patterns and processes in vulnerable coastal ecosystems. The overarching theme of FCE research is: In the coastal Everglades, climate change and resource management decisions interact to influence

freshwater availability, ecosystem dynamics, and the value and utilization of ecosystem services by people. Because they are highly sensitive to the balance of freshwater and marine influences,

coastal wetlands of the Florida Everglades provide an ideal system to examine how socio-ecological systems respond to and mitigate the effects of climate change and freshwater allocation decisions. The trans-disciplinary science conducted by the large FCE research team is revealing how estuary hydrodynamics and biogeochemistry may tilt on a fulcrum defined by the magnitude by which coastal pressures (SRL, storms) are mitigated by freshwater flows. We employ a socio-ecological framework to address how climate change interacts with political decisions to determine the sustainability of interconnected human-natural systems. In FCE I, we discovered how coastal nutrient supplies create an unusual “upside-down” productivity gradient in karstic estuaries. FCE II research used growing long-term datasets to reveal the sensitivity of this gradient to changes in hydrodynamics, nutrient availability, and salinity. In FCE III, we will use South Florida as an exemplary system for understanding how and why socio-ecological systems resist, adapt to, or mitigate the effects of climate change on ecosystem sustainability. We will examine how decisions about freshwater delivery to the Everglades influence -and are influenced by - the impact of SLR in this especially vulnerable landscape. Biophysical studies will focus on how this balance of fresh and marine sources influences biogeochemical cycling, primary production, organic matter dynamics, and trophic dynamics, to drive carbon gains and losses. We expand our spatio-temporal domain by employing powerful long-term datasets and experiments to determine legacies of past interactions, and to constrain models that will help guide a sustainable future for the FCE.

</para>
        </abstract>
        <funding>
          <para>National Science Foundation under Grant # 9910514, #0620409 and DEB-1237517</para>
        </funding>
        <studyAreaDescription>
          <coverage>
            <geographicCoverage>
              <geographicDescription>The FCE LTER Project Study area is located in South Florida, mostly in Everglades National Park. There are a total of 20 sampling sites located in two major regions: 1) Shark River Slough and 2) Taylor Slough/Panhandle.</geographicDescription>
              <boundingCoordinates>
                <westBoundingCoordinate>-81.078</westBoundingCoordinate>
                <eastBoundingCoordinate>-80.490</eastBoundingCoordinate>
                <northBoundingCoordinate>25.761</northBoundingCoordinate>
                <southBoundingCoordinate>24.913</southBoundingCoordinate>
              </boundingCoordinates>
            </geographicCoverage>
            <temporalCoverage>
              <rangeOfDates>
                <beginDate>
                  <calendarDate>2012-12-01</calendarDate>
                </beginDate>
                <endDate>
                  <calendarDate>2018-12-01</calendarDate>
                </endDate>
              </rangeOfDates>
            </temporalCoverage>
          </coverage>
        </studyAreaDescription>
      </relatedProject>
    </project>
    <dataTable>
      <entityName>LT_PP_Rivera_002.txt</entityName>
      <entityDescription>Mangrove Forest Growth from the Shark River Slough, Everglades National Park, South Florida</entityDescription>
      <physical>
        <objectName>LT_PP_Rivera_002.txt</objectName>
        <size unit="KB">408</size>
        <authentication method="MD5">623444133df15e75a3b7dd0a5ac28880</authentication>
        <characterEncoding>ASCII</characterEncoding>
        <dataFormat>
          <textFormat>
            <numHeaderLines>1</numHeaderLines>
            <recordDelimiter>\r\n</recordDelimiter>
            <attributeOrientation>column</attributeOrientation>
            <simpleDelimited>
              <fieldDelimiter>,</fieldDelimiter>
            </simpleDelimited>
          </textFormat>
        </dataFormat>
        <distribution>
          <online>
            <url function="download">https://pasta.lternet.edu/package/data/eml/knb-lter-fce/1113/3/2ecda79d73d3d61d63ab8dc3645b17ae</url>
          </online>
          <access
            authSystem="https://pasta.edirepository.org/authentication"
            order="allowFirst" scope="document" system="https://pasta.edirepository.org">
            <allow>
              <principal>uid=FCE,o=lter,dc=ecoinformatics,dc=org</principal>
              <permission>read</permission>
            </allow>
            <allow>
              <principal>public</principal>
              <permission>read</permission>
            </allow>
          </access>
        </distribution>
      </physical>
      <attributeList>
        <attribute id="att.1">
          <attributeName>SITENAME</attributeName>
          <attributeLabel>sitename</attributeLabel>
          <attributeDefinition>Name of LTER site</attributeDefinition>
          <storageType>text</storageType>
          <measurementScale>
            <ordinal>
              <nonNumericDomain>
                <textDomain>
                  <definition>Name of LTER site</definition>
                </textDomain>
              </nonNumericDomain>
            </ordinal>
          </measurementScale>
        </attribute>
        <attribute id="att.2">
          <attributeName>Date</attributeName>
          <attributeLabel>date</attributeLabel>
          <attributeDefinition>Collection date</attributeDefinition>
          <storageType>datetime</storageType>
          <measurementScale>
            <dateTime>
              <formatString>YYYY-MM-DD</formatString>
              <dateTimePrecision>1</dateTimePrecision>
              <dateTimeDomain>
                <bounds>
                  <minimum exclusive="false">1995-01-13</minimum>
                  <maximum exclusive="false">2005-05-20</maximum>
                </bounds>
              </dateTimeDomain>
            </dateTime>
          </measurementScale>
        </attribute>
        <attribute id="att.3">
          <attributeName>Plot_ID</attributeName>
          <attributeLabel>ID Number</attributeLabel>
          <attributeDefinition>Plot ID Number</attributeDefinition>
          <storageType>ordinal</storageType>
          <measurementScale>
            <ordinal>
              <nonNumericDomain>
                <textDomain>
                  <definition>Plot ID Number</definition>
                </textDomain>
              </nonNumericDomain>
            </ordinal>
          </measurementScale>
        </attribute>
        <attribute id="att.4">
          <attributeName>Tree_TagNumber</attributeName>
          <attributeLabel>ID number</attributeLabel>
          <attributeDefinition>Mangrove Tree ID Tag</attributeDefinition>
          <storageType>ordinal</storageType>
          <measurementScale>
            <ordinal>
              <nonNumericDomain>
                <textDomain>
                  <definition>Mangrove Tree ID Tag</definition>
                </textDomain>
              </nonNumericDomain>
            </ordinal>
          </measurementScale>
        </attribute>
        <attribute id="att.5">
          <attributeName>Species_Tree</attributeName>
          <attributeLabel>species name</attributeLabel>
          <attributeDefinition>Mangrove Tree Species</attributeDefinition>
          <storageType>text</storageType>
          <measurementScale>
            <nominal>
              <nonNumericDomain>
                <enumeratedDomain>
                  <codeDefinition>
                    <code>A</code>
                    <definition>Avicennia germinans</definition>
                  </codeDefinition>
                  <codeDefinition>
                    <code>C</code>
                    <definition>Conacarpus erectus</definition>
                  </codeDefinition>
                  <codeDefinition>
                    <code>L</code>
                    <definition>Laguncularia racemosa</definition>
                  </codeDefinition>
                  <codeDefinition>
                    <code>R</code>
                    <definition>Rhizophora mangle</definition>
                  </codeDefinition>
                </enumeratedDomain>
              </nonNumericDomain>
            </nominal>
          </measurementScale>
          <missingValueCode>
            <code>-9999</code>
            <codeExplanation>Value will never be recorded </codeExplanation>
          </missingValueCode>
        </attribute>
        <attribute id="att.6">
          <attributeName>Tree_DBH</attributeName>
          <attributeLabel>mean diameter  </attributeLabel>
          <attributeDefinition>Mean Diameter of Mangrove Tree at Breast Height</attributeDefinition>
          <storageType>data</storageType>
          <measurementScale>
            <ratio>
              <unit>
                <standardUnit>centimeter</standardUnit>
              </unit>
              <precision>0.01</precision>
              <numericDomain>
                <numberType>real</numberType>
              </numericDomain>
            </ratio>
          </measurementScale>
          <missingValueCode>
            <code>-9999.00</code>
            <codeExplanation>Value will never be recorded </codeExplanation>
          </missingValueCode>
        </attribute>
        <attribute id="att.7">
          <attributeName>Tree_Height</attributeName>
          <attributeLabel>height</attributeLabel>
          <attributeDefinition>Mangrove Tree Height</attributeDefinition>
          <storageType>data</storageType>
          <measurementScale>
            <ratio>
              <unit>
                <standardUnit>meter</standardUnit>
              </unit>
              <precision>0.01</precision>
              <numericDomain>
                <numberType>real</numberType>
              </numericDomain>
            </ratio>
          </measurementScale>
          <missingValueCode>
            <code>-9999.00</code>
            <codeExplanation>Value will never be recorded </codeExplanation>
          </missingValueCode>
        </attribute>
      </attributeList>
      <numberOfRecords>10466</numberOfRecords>
    </dataTable>
  </dataset>
  <additionalMetadata>
    <metadata>
      <additionalDataset>
        <researchType>Long-term</researchType>
        <DatasetDistributionTypeandRestrictions>Type II- Not funded entirely by the NSF LTER Program</DatasetDistributionTypeandRestrictions>
        <addDistribution>
          <submissionDate>2016-11-11</submissionDate>
        </addDistribution>
        <LTERsites>
          <sitename>SRS4,SRS5,SRS6, TS/Ph8</sitename>
        </LTERsites>
        <datasetSubmissionNotes>
          <notes>Data collected in the period 1995-1996 was published in: Chen, R. And R.R. Twilley. 1999. Patterns of mangrove forest structure associated with soil nutrient dynamics along the Shark River estuary. Estuaries 22:1027-1042. All data used to prepare publication:Sharon M.L. Ewe, Evelyn E. Gaiser, Daniel L. Childers, David Iwaniec, Victor H. Rivera-Monroy, Robert R. Twilley. In review. Spatial and temporal patterns of aboveground net primary productivity (ANPP) along two freshwater-estuarine transects in the Florida Coastal Everglades. Hydrobiology.</notes>
        </datasetSubmissionNotes>
        <datasetInfoManagementNotes>
          <notes>Information Manager (February 3, 2006) 1)  Merged Day, Month, and Year columns into one  'Date' Column. 2) Changed Column names to SITENAME, Date, Plot_ID, Tree_TagNumber, Species_Tree, Tree_DBH , Tree_Height 3)  Coded missing values with -9999. This is a long-term primary production dataset and subsequent data wil be appended. This dataset replaces all previous versions of LT_PP_Rivera_002 original and all previous versions (v1-v2).  The FCE program is discontinuing its practice of versioning data as of March 2013.</notes>
        </datasetInfoManagementNotes>
      </additionalDataset>
    </metadata>
  </additionalMetadata>
</eml:eml>
